Workbook

Sheet 퇴사자
AJ1: date. | AK1: =TODAY() -> 46114
A2: 구분 | B2: 사번 | C2: 구분 | D2: 이름 | E2: 직책 | G2: 소속 | H2: 부서 | I2: 주민등록번호 | J2: 입사일 | K2: 최근승진 | L2: 퇴사일 | M2: 학력 | N2: 학교 | O2: 전공 | Q2: 학위 | S2: 자격증1 | T2: 합격일 | U2: 자격증2 | V2: 합격일 | W2: 자격증3 | X2: 합격일 | Y2: 경력등급 | Z2: 경력증 | AA2: 취득일 | AB2: 자격증기준등급 | AC2: 전직장경력합계 | AD2: 전직장경력년수 | AE2: 근속합계 | AF2: 근속년수 | AG2: 총경력합 | AH2: 총경력년수 | AI2: 집주소 | AJ2: 핸드폰 | AK2: e-mail
A3: 2 | D3: 김정태 | E3: 차장 | G3: 플랫폼 사업본부 | J3: 40742 | K3: 0 | L3: 40928 | Y3: 중 | AC3: =+#REF!+#REF!+#REF!+#REF!+#REF!+#REF!+#REF! -> #REF! | AD3: 0년 0개월 | AE3: 17.5 | AF3: 1년 5개월 | AG3: 17.5 | AH3: 1년 5개월 | AI3: 경기도 광명시 하안2동 하안주공아파트 312동 504호 | AJ3: 010-7204-2885 | AK3: njlee@in-soft.co.kr
A4: 3 | D4: 박진형 | E4: 대리 | G4: 플랫폼 사업본부 | J4: 40513 | K4: 0 | L4: 40939 | Y4: 중 | AC4: =+#REF!+#REF!+#REF!+#REF!+#REF!+#REF!+#REF! -> #REF! | AD4: 0년 0개월 | AE4: 25.133333 | AF4: 2년 1개월 | AG4: 25.133333 | AH4: 2년 1개월 | AI4: 서울시 송파구 문정동 121-13 지영하우스 302호 | AJ4: 010-6365-7859 | AK4: yyyoon@in-soft.co.kr
A5: 4 | D5: 김제연 | E5: 사원 | G5: 클라우드 사업본부 | J5: 40381 | K5: 2011년 7월 | L5: 40939 | Y5: 고 | AC5: =+#REF!+#REF!+#REF!+#REF!+#REF!+#REF!+#REF! -> #REF! | AD5: 0년 0개월 | AE5: 29.533333 | AF5: 2년 5개월 | AG5: 29.533333 | AH5: 2년 5개월 | AI5: 경기도 남양주시 화도읍 녹촌리 녹촌두산위브아파트 104-1104 | AJ5: 010-3718-9184 | AK5: yihong@in-soft.co.kr
A6: 5 | D6: 신동창 | E6: 대리 | G6: Ubicom 연구소 | J6: 40513 | K6: 0 | L6: 40968 | Y6: 초 | AC6: =+#REF!+#REF!+#REF!+#REF!+#REF!+#REF!+#REF! -> #REF! | AD6: 0년 0개월 | AE6: 25.133333 | AF6: 2년 1개월 | AG6: 25.133333 | AH6: 2년 1개월 | AI6: 서울시 도봉구 방학동 649-39번지 5층 | AJ6: 010-6864-0073 | AK6: shsung@in-soft.co.kr
A7: 6 | D7: 송정윤 | E7: 사원 | G7: 플랫폼 사업본부 | J7: 40568 | K7: 0 | L7: 40983 | Y7: 초 | AC7: =+#REF!+#REF!+#REF!+#REF!+#REF!+#REF!+#REF! -> #REF! | AD7: 0년 0개월 | AE7: 23.3 | AF7: 1년 11개월 | AG7: 23.3 | AH7: 1년 11개월 | AI7: 경기도 하남시 신장동 백송한신아파트 103동 1511호 | AJ7: 010-5011-7269 | AK7: smlee@in-soft.co.kr
A8: 7 | D8: 송보근 | E8: 차장 | G8: CSBU | J8: 38504 | K8: 2012년 7월 | L8: 40999 | Y8: 고 | AC8: =+#REF!+#REF!+#REF!+#REF!+#REF!+#REF!+#REF! -> #REF! | AD8: 0년 0개월 | AE8: 92.1 | AF8: 7년 8개월 | AG8: 92.1 | AH8: 7년 8개월 | AI8: 경기도 의정부시 신곡1동 풍림아파트 603동 802호 | AJ8: 010-6247-3959 | AK8: jhcho@in-soft.co.kr
A9: 8 | D9: 박선용 | E9: 대리 | G9: CSBU | J9: 39356 | K9: 0 | L9: 40999 | Y9: 초 | AC9: =+#REF!+#REF!+#REF!+#REF!+#REF!+#REF!+#REF! -> #REF! | AD9: 0년 0개월 | AE9: 63.7 | AF9: 5년 3개월 | AG9: 63.7 | AH9: 5년 3개월 | AI9: 경기도 김포시 통진읍 마송리 마송휴먼시아 매수리마을 902-803 | AJ9: 010-6410-5450 | AK9: mhlee@in-soft.co.kr
A10: 9 | D10: 이승준 | E10: 과장 | G10: CSBU | J10: 39755 | K10: 0 | L10: 40999 | Y10: 0 | AC10: =+#REF!+#REF!+#REF!+#REF!+#REF!+#REF!+#REF! -> #REF! | AD10: 0년 0개월 | AE10: 50.4 | AF10: 4년 2개월 | AG10: 50.4 | AH10: 4년 2개월 | AI10: 경기도 부천시 소사구 송내동 327-2 성호아파트 102동 106호 | AJ10: 010-3244-2434
A11: 10 | D11: 이정환 | E11: 대리 | G11: CSBU | J11: 40098 | K11: 0 | L11: 40999 | Y11: 초 | AC11: =+#REF!+#REF!+#REF!+#REF!+#REF!+#REF!+#REF! -> #REF! | AD11: 0년 0개월 | AE11: 38.966667 | AF11: 3년 2개월 | AG11: 38.966667 | AH11: 3년 2개월 | AI11: 경기도 평택시 청북면 어연리 262-1 | AJ11: 010-6298-3217
A12: 11 | D12: 정성수 | E12: 대리 | G12: 플랫폼 사업본부 | J12: 40168 | L12: 41005 | AC12: =+#REF!+#REF!+#REF!+#REF!+#REF!+#REF!+#REF! -> #REF! | AD12: 0년 0개월 | AE12: 36.633333 | AF12: 3년 0개월
A13: 12 | D13: 전영세 | E13: 대리 | G13: 플랫폼 사업본부 | J13: 39479 | L13: 41005 | AC13: =+#REF!+#REF!+#REF!+#REF!+#REF!+#REF!+#REF! -> #REF! | AD13: 0년 0개월 | AE13: 59.6 | AF13: 4년 11개월
A14: 13 | D14: 강복구 | E14: 대리 | G14: 플랫폼 사업본부 | J14: 39574 | L14: 41009 | AC14: =+#REF!+#REF!+#REF!+#REF!+#REF!+#REF!+#REF! -> #REF! | AD14: 0년 0개월 | AE14: 56.433333 | AF14: 4년 8개월
A15: 14 | D15: 최기범 | E15: 사원 | G15: 클라우드 사업본부 | J15: 40588 | L15: 41026 | AC15: =+#REF!+#REF!+#REF!+#REF!+#REF!+#REF!+#REF! -> #REF! | AD15: 0년 0개월 | AE15: 22.633333 | AF15: 1년 10개월
A16: 15 | D16: 정준영 | E16: 대리 | G16: 플랫폼 사업본부 | J16: 40266 | L16: 41029 | AC16: =+#REF!+#REF!+#REF!+#REF!+#REF!+#REF!+#REF! -> #REF! | AD16: 0년 0개월 | AE16: 33.366667 | AF16: 2년 9개월
A17: 16 | D17: 남태규 | E17: 차장 | G17: 솔루션 사업부 | J17: 40391 | L17: 41029 | AC17: =+#REF!+#REF!+#REF!+#REF!+#REF!+#REF!+#REF! -> #REF! | AD17: 0년 0개월 | AE17: 29.2 | AF17: 2년 5개월
A18: 17 | D18: 임옥하 | E18: 대리 | G18: 플랫폼 사업본부 | J18: 40360 | L18: 41029 | AC18: =+#REF!+#REF!+#REF!+#REF!+#REF!+#REF!+#REF! -> #REF! | AD18: 0년 0개월 | AE18: 30.233333 | AF18: 2년 6개월
A19: 18 | D19: 변기웅 | E19: 과장 | G19: 영업팀 | J19: 40763 | L19: 41029 | AC19: =+#REF!+#REF!+#REF!+#REF!+#REF!+#REF!+#REF! -> #REF! | AD19: 0년 0개월 | AE19: 16.8 | AF19: 1년 4개월
A20: 1 | D20: 윤지선 | E20: 사원 | G20: PS팀 | J20: 39694 | K20: 0 | L20: 40921 | Y20: 초 | AC20: =+#REF!+#REF!+#REF!+#REF!+#REF!+#REF!+#REF! -> #REF! | AD20: 0년 0개월 | AE20: 52.433333 | AF20: 4년 4개월 | AG20: 52.433333 | AH20: 4년 4개월 | AI20: 경기도 고양시 일산동구 중산동 25-12 | AJ20: 010-2515-0116 | AK20: dklee@in-soft.co.kr
A21: 19 | D21: 박준희 | E21: 차장 | G21: 플랫폼 사업본부 | J21: 40910 | L21: 41033 | AC21: =+#REF!+#REF!+#REF!+#REF!+#REF!+#REF!+#REF! -> #REF! | AD21: 0년 0개월 | AE21: 11.9 | AF21: 0년 11개월
A22: 20 | D22: 김민석 | E22: 사원 | G22: 클라우드 사업본부 | J22: 40589 | L22: 41038 | AC22: =+#REF!+#REF!+#REF!+#REF!+#REF!+#REF!+#REF! -> #REF! | AD22: 0년 0개월 | AE22: 22.6 | AF22: 1년 10개월
A23: 21 | D23: 장현우 | E23: 과장 | G23: 클라우드 사업본부 | J23: 41024 | L23: 41060 | AC23: =+#REF!+#REF!+#REF!+#REF!+#REF!+#REF!+#REF! -> #REF! | AD23: 0년 0개월 | AE23: 8.1 | AF23: 0년 8개월
A24: 22 | D24: 이왕진 | E24: 이사 | G24: 솔루션 사업부 | J24: 38292 | L24: 41090 | AC24: =+#REF!+#REF!+#REF!+#REF!+#REF!+#REF!+#REF! -> #REF! | AD24: 0년 0개월 | AE24: 99.166667 | AF24: 8년 3개월
A25: 23 | B25: 120301 | D25: 조성진 | E25: 사원 | G25: PS 팀 | I25: 821224-1226718 | J25: 40973 | L25: 41096 | M25: 전문대 | AC25: =+#REF!+#REF!+#REF!+#REF!+#REF!+#REF!+#REF! -> #REF! | AD25: 0년 0개월 | AE25: 9.8 | AF25: 0년 9개월
A26: 24 | B26: 111101 | D26: 이재철 | E26: 차장 | G26: P A G | I26: 730217-1182811 | J26: 40848 | L26: 41100 | M26: 일반대 | AC26: =+#REF!+#REF!+#REF!+#REF!+#REF!+#REF!+#REF! -> #REF! | AD26: 0년 0개월 | AE26: 13.966667 | AF26: 1년 1개월
A27: 25 | B27: 111204 | D27: 이민현 | E27: 사원 | G27: 플랫폼 사업본부 | I27: 820517-1463111 | J27: 40903 | L27: 41121 | M27: 일반대 | AC27: =+#REF!+#REF!+#REF!+#REF!+#REF!+#REF!+#REF! -> #REF! | AD27: 0년 0개월 | AE27: 12.133333 | AF27: 1년 0개월
A28: 26 | B28: 110801 | D28: 조정현 | E28: 과장 | G28: 플랫폼 사업본부 | I28: 800315-1405519 | J28: 40756 | L28: 41152 | M28: 일반대 | AC28: =+#REF!+#REF!+#REF!+#REF!+#REF!+#REF!+#REF! -> #REF! | AD28: 0년 0개월 | AE28: 17.033333 | AF28: 1년 5개월
A29: 27 | B29: 100502 | D29: 윤용열 | E29: 차장 | G29: PS 팀 | I29: 731215-1037911 | J29: 40329 | L29: 41166 | M29: 전문대 | AC29: =+#REF!+#REF!+#REF!+#REF!+#REF!+#REF!+#REF! -> #REF! | AD29: 0년 0개월 | AE29: 31.266667 | AF29: 2년 7개월
A30: 28 | B30: 100802 | D30: 홍영일 | E30: 팀장 | G30: 플랫폼 사업본부 | I30: 710814-1068926 | J30: 40399 | L30: 41166 | M30: 일반대 | AC30: =+#REF!+#REF!+#REF!+#REF!+#REF!+#REF!+#REF! -> #REF! | AD30: 0년 0개월 | AE30: 28.933333 | AF30: 2년 4개월
A31: 29 | B31: 110103 | D31: 성세현 | E31: 사원 | G31: 플랫폼 사업본부 | I31: 840515-1032717 | J31: 40560 | L31: 41166 | M31: 일반대 | AC31: =+#REF!+#REF!+#REF!+#REF!+#REF!+#REF!+#REF! -> #REF! | AD31: 0년 0개월 | AE31: 23.566667 | AF31: 1년 11개월
A32: 30 | B32: 110202 | D32: 이수민 | E32: 사원 | G32: 플랫폼 사업본부 | I32: 850831-1237528 | J32: 40589 | L32: 41166 | M32: 전문대 | AC32: =+#REF!+#REF!+#REF!+#REF!+#REF!+#REF!+#REF! -> #REF! | AD32: 0년 0개월 | AE32: 22.6 | AF32: 1년 10개월
A33: 31 | B33: 110105 | D33: 이동기 | E33: 사원 | G33: 플랫폼 사업본부 | I33: 820815-1063711 | J33: 40569 | L33: 41182 | M33: 일반대 | AC33: =+#REF!+#REF!+#REF!+#REF!+#REF!+#REF!+#REF! -> #REF! | AD33: 0년 0개월 | AE33: 23.266667 | AF33: 1년 11개월
A34: 32 | B34: 120405 | D34: 이난정 | E34: 대리 | G34: 플랫폼 사업본부 | I34: 851124-2902319 | J34: 41015 | L34: 41182 | M34: 일반대 | AC34: =+#REF!+#REF!+#REF!+#REF!+#REF!+#REF!+#REF! -> #REF! | AD34: 0년 0개월 | AE34: 8.4 | AF34: 0년 8개월
A35: 73 | B35: 120404 | C35: 개발 | D35: 정성신 | E35: 차장 | G35: =+VLOOKUP($B35,#REF!,5,0) -> #REF! | H35: =+VLOOKUP($B35,#REF!,6,0) -> #REF! | I35: 731204-1406310 | J35: 41015 | L35: 41182 | M35: 대학원 | N35: 광운대학교 | Q35: 석사 | Y35: 특급 | Z35: 무 | AC35: =+#REF!+#REF!+#REF!+#REF!+#REF!+#REF!+#REF! -> #REF! | AD35: 0년 0개월 | AE35: 8.4 | AF35: 0년 8개월 | AG35: 8.4 | AH35: 0년 8개월 | AI35: 경기도 성남시 분당구 야탑동 매화마을 312동 501호 | AJ35: 010-5006-5298 | AK35: ssjung@in-soft.co.kr
A36: 50 | B36: 110903 | C36: 개발 | D36: 백승욱 | E36: 대리 | G36: =+VLOOKUP($B36,#REF!,5,0) -> #REF! | H36: =+VLOOKUP($B36,#REF!,6,0) -> #REF! | I36: 831127-1079613 | J36: 40812 | L36: 41201 | M36: 전문대 | N36: 전남대학교 | Q36: 학사 | Y36: 초급 | Z36: 유 | AA36: =+VLOOKUP($D36,[1]Sheet1!$A$1:$C$42,3,0) -> #N/A | AB36: =+VLOOKUP($D36,[1]Sheet1!$A$1:$C$42,2,0) -> #N/A | AC36: =+#REF!+#REF!+#REF!+#REF!+#REF!+#REF!+#REF! -> #REF! | AD36: 0년 0개월 | AE36: 15.166667 | AF36: 1년 3개월 | AG36: 15.166667 | AH36: 1년 3개월 | AI36: 서울시 강동구 천호1동 49-39 경원빌라 101호 | AJ36: 010-9116-8781 | AK36: subaek@in-soft.co.kr
A37: 37 | B37: 101208 | C37: 개발 | D37: 안경배 | E37: 대리 | G37: =+VLOOKUP($B37,#REF!,5,0) -> #REF! | H37: =+VLOOKUP($B37,#REF!,6,0) -> #REF! | I37: 800709-1231310 | J37: 40513 | L37: 41213 | M37: 일반대 | N37: 우석대학교 | Q37: 학사 | Y37: 초급 | Z37: 유 | AA37: =+VLOOKUP($D37,[1]Sheet1!$A$1:$C$42,3,0) -> #N/A | AB37: =+VLOOKUP($D37,[1]Sheet1!$A$1:$C$42,2,0) -> #N/A | AC37: =+#REF!+#REF!+#REF!+#REF!+#REF!+#REF!+#REF! -> #REF! | AD37: 0년 0개월 | AE37: 25.133333 | AF37: 2년 1개월 | AG37: 25.133333 | AH37: 2년 1개월 | AI37: 경기도 군포시 당동 동아아파트 106-303 | AJ37: 010-4711-3779 | AK37: kban@in-soft.co.kr
A38: 73 | B38: 120404 | C38: 개발 | D38: 정성신 | E38: 차장 | G38: =+VLOOKUP($B38,#REF!,5,0) -> #REF! | H38: =+VLOOKUP($B38,#REF!,6,0) -> #REF! | I38: 731204-1406310 | J38: 41015 | L38: 41194 | M38: 대학원 | N38: 광운대학교 | Q38: 석사 | Y38: 특급 | Z38: 무 | AC38: =+#REF!+#REF!+#REF!+#REF!+#REF!+#REF!+#REF! -> #REF! | AD38: 0년 0개월 | AE38: 8.4 | AF38: 0년 8개월 | AG38: 8.4 | AH38: 0년 8개월 | AI38: 경기도 성남시 분당구 야탑동 매화마을 312동 501호 | AJ38: 010-5006-5298 | AK38: ssjung@in-soft.co.kr
A39: 70 | B39: 120401 | C39: 비개발 | D39: 오진석 | E39: 부장 | G39: 영업팀 | H39: 영업팀 | I39: 680825-1041615 | J39: 41001 | L39: 41218 | M39: 일반대 | N39: #N/A | Q39: 학사 | Y39: 고급 | Z39: 유 | AA39: =+VLOOKUP($D39,[1]Sheet1!$A$1:$C$42,3,0) -> #N/A | AB39: =+VLOOKUP($D39,[1]Sheet1!$A$1:$C$42,2,0) -> #N/A | AC39: =+#REF!+#REF!+#REF!+#REF!+#REF!+#REF!+#REF! -> #REF! | AD39: 0년 0개월 | AE39: 8.8666667 | AF39: 0년 8개월 | AG39: 8.8666667 | AH39: 0년 8개월 | AJ39: 010-3239-3630 | AK39: jsoh@in-soft.co.kr
A40: 42 | B40: 110402 | C40: 개발 | D40: 문정식 | E40: 그룹장 | G40: 사업개발2본부 | H40: CMG | I40: 731216-1411313 | J40: 40639 | K40: 2011년 7월 | L40: 41236 | M40: 일반대 | N40: 충남대학교 | O40: 재료공학 | Q40: 학사 | Y40: 고급 | Z40: 무 | AI40: 서울시 동대문구 장안동 장안현대홈타운 112동 404호 | AJ40: 010-2723-7224 | AK40: jsmoon@in-soft.co.kr
A41: 15 | B41: 080203 | C41: 개발 | D41: 유현석 | E41: 이사 | G41: 사업개발1본부 | H41: 사업개발1본부 | I41: 681114-1055410 | J41: 39479 | L41: 41243 | M41: 대학원 | N41: Univ.Southern California | O41: 전산 | Q41: 석사
A42: 50 | B42: 111202 | C42: 개발 | D42: 김규호 | G42: 사업개발1본부 | H42: CPG | I42: 860228-1020814 | J42: 40878 | L42: 41264 | M42: 일반대 | N42: 한성대학교 | O42: 0 | Q42: 학사 | Y42: 초급 | Z42: 무 | AC42: 0 | AD42: =(TRUNC(AC42/12))&"년 "&(ROUNDDOWN(MOD(AC42,12),0))&"개월" -> 0년 0개월 | AE42: =($AK$1-J42)/30 -> 174.53333 | AF42: =(TRUNC(AE42/12))&"년 "&(ROUNDDOWN(MOD(AE42,12),0))&"개월" -> 14년 6개월 | AG42: =+AC42+AE42 -> 174.53333 | AH42: =(TRUNC(AG42/12))&"년 "&(ROUNDDOWN(MOD(AG42,12),0))&"개월" -> 14년 6개월 | AI42: 서울시 중랑구 면목동 99-8호 | AJ42: 010-4449-3431 | AK42: khkim@in-soft.co.kr
A43: 16 | B43: 080601 | C43: 개발 | D43: 김범수 | E43: 대리 | G43: 사업개발1본부 | H43: CPG | I43: 840904-1063211 | J43: 39611 | K43: 2012년 1월 | M43: 전문대 | N43: 동서울대학 | O43: 컴퓨터정보 | Q43: 전문 | Y43: 초급 | Z43: 유 | AA43: =+VLOOKUP($D43,[1]Sheet1!$A$1:$C$42,3,0) -> #N/A | AB43: =+VLOOKUP($D43,[1]Sheet1!$A$1:$C$42,2,0) -> #N/A | AC43: 0 | AD43: =(TRUNC(AC43/12))&"년 "&(ROUNDDOWN(MOD(AC43,12),0))&"개월" -> 0년 0개월 | AE43: =($AK$1-J43)/30 -> 216.76667 | AF43: =(TRUNC(AE43/12))&"년 "&(ROUNDDOWN(MOD(AE43,12),0))&"개월" -> 18년 0개월 | AG43: =+AC43+AE43 -> 216.76667 | AH43: =(TRUNC(AG43/12))&"년 "&(ROUNDDOWN(MOD(AG43,12),0))&"개월" -> 18년 0개월 | AI43: 서울시 강동구 명일동 삼익그린1차아파트 102동 1209호 | AJ43: 010-8943-3109 | AK43: kbskbs48@in-soft.co.kr
A44: 12 | B44: 070901 | C44: 개발 | D44: 정영남 | E44: 과장 | G44: 사업개발2본부 | H44: CEG | I44: 790620-2397711 | J44: 39338 | K44: 2012년 1월 | L44: 41289 | M44: 일반대 | N44: 충북대학교 | O44: 수학 | Q44: 학사 | S44: 정보처리기사 | T44: 37410 | U44: 정보처리기사 | V44: 37410 | Y44: 중급 | Z44: 유 | AA44: =+VLOOKUP($D44,[1]Sheet1!$A$1:$C$42,3,0) -> #N/A | AB44: =+VLOOKUP($D44,[1]Sheet1!$A$1:$C$42,2,0) -> #N/A | AC44: 0 | AD44: =(TRUNC(AC44/12))&"년 "&(ROUNDDOWN(MOD(AC44,12),0))&"개월" -> 0년 0개월 | AE44: =($AK$1-J44)/30 -> 225.86667 | AF44: =(TRUNC(AE44/12))&"년 "&(ROUNDDOWN(MOD(AE44,12),0))&"개월" -> 18년 9개월 | AG44: =+AC44+AE44 -> 225.86667 | AH44: =(TRUNC(AG44/12))&"년 "&(ROUNDDOWN(MOD(AG44,12),0))&"개월" -> 18년 9개월 | AI44: 서울 강남구 개포동 1184-18 은혜빌리지 301호 | AJ44: 010-2800-0999 | AK44: ynstar@in-soft.co.kr
A45: 68 | B45: 120702 | C45: 개발 | D45: 차재성 | E45: 연구원 | G45: UbiCom 연구실 | H45: R&D_1그룹 | I45: 851118-1403816 | J45: 41106 | L45: 41333 | M45: 전문대 | N45: 대전보건대학 | O45: 컴퓨터정보통신 | Q45: 전문 | Y45: 초급 | Z45: 무 | AA45: =+VLOOKUP($D45,[1]Sheet1!$A$1:$C$42,3,0) -> #N/A | AB45: =+VLOOKUP($D45,[1]Sheet1!$A$1:$C$42,2,0) -> #N/A | AC45: 41 | AD45: =(TRUNC(AC45/12))&"년 "&(ROUNDDOWN(MOD(AC45,12),0))&"개월" -> 3년 5개월 | AE45: =($AL$1-J45)/30 -> -1370.2 | AF45: =(TRUNC(AE45/12))&"년 "&(ROUNDDOWN(MOD(AE45,12),0))&"개월" -> -114년 9개월 | AG45: =+AC45+AE45 -> -1329.2 | AH45: =(TRUNC(AG45/12))&"년 "&(ROUNDDOWN(MOD(AG45,12),0))&"개월" -> -110년 2개월 | AI45: 서울특별시 영등포구 문래동 3가 83-5번지 호성빌딩 301호 | AJ45: 010-9198-7336 | AK45: jscha@in-soft.co.kr
A46: 69 | B46: 120703 | C46: 개발 | D46: 박신로 | E46: 연구원 | G46: UbiCom 연구실 | H46: R&D_1그룹 | I46: 800517-1041513 | J46: 41113 | L46: 41333 | M46: 전문대 | N46: 청강문화산업대학 | O46: 컴퓨터소프트웨어학과 | Q46: 전문 | Y46: 초급 | Z46: 무 | AC46: 27 | AD46: =(TRUNC(AC46/12))&"년 "&(ROUNDDOWN(MOD(AC46,12),0))&"개월" -> 2년 3개월 | AE46: =($AK$1-J46)/30 -> 166.7 | AF46: =(TRUNC(AE46/12))&"년 "&(ROUNDDOWN(MOD(AE46,12),0))&"개월" -> 13년 10개월 | AG46: =+AC46+AE46 -> 193.7 | AH46: =(TRUNC(AG46/12))&"년 "&(ROUNDDOWN(MOD(AG46,12),0))&"개월" -> 16년 1개월 | AI46: 서울시 서대문구 창천동 300번지 2층 | AJ46: 010-3263-4421 | AK46: srpark@in-soft.co.kr
A47: 71 | B47: 120802 | C47: 개발 | D47: 정인국 | E47: 전임 | G47: Ubicom 연구실 | H47: R&D_2그룹 | I47: 840221-1063211 | J47: 41134 | L47: 41333 | M47: 전문대 | N47: 안양과학대학 | O47: 웹마스터학과 | Q47: 전문 | Y47: 초급 | Z47: 무 | AC47: 57 | AD47: =(TRUNC(AC47/12))&"년 "&(ROUNDDOWN(MOD(AC47,12),0))&"개월" -> 4년 9개월 | AE47: =($AK$1-J47)/30 -> 166 | AF47: =(TRUNC(AE47/12))&"년 "&(ROUNDDOWN(MOD(AE47,12),0))&"개월" -> 13년 10개월 | AG47: =+AC47+AE47 -> 223 | AH47: =(TRUNC(AG47/12))&"년 "&(ROUNDDOWN(MOD(AG47,12),0))&"개월" -> 18년 7개월 | AI47: 서울시 강서구 등촌3동 주공 아파트 901동 502호 | AJ47: 010-6329-4637 | AK47: ikjung@in-soft.co.kr
A48: 18 | B48: 081102 | C48: 개발 | D48: 조형진 | E48: 차장 | G48: 솔루션사업개발본부 | H48: 클라우드솔루션그룹 | I48: 750401-1537910 | J48: 39759 | K48: 40179 | L48: 41364 | M48: 대학원 | N48: 숭실대학교 | O48: 컴퓨터학과 | Q48: 석사 | Y48: 특급 | Z48: 유 | AA48: =+VLOOKUP($D48,[1]Sheet1!$A$1:$C$42,3,0) -> #N/A | AB48: =+VLOOKUP($D48,[1]Sheet1!$A$1:$C$42,2,0) -> #N/A | AC48: 90 | AD48: =(TRUNC(AC48/12))&"년 "&(ROUNDDOWN(MOD(AC48,12),0))&"개월" -> 7년 6개월 | AE48: =($AK$1-J48)/30 -> 211.83333 | AF48: =(TRUNC(AE48/12))&"년 "&(ROUNDDOWN(MOD(AE48,12),0))&"개월" -> 17년 7개월 | AG48: =+AC48+AE48 -> 301.83333 | AH48: =(TRUNC(AG48/12))&"년 "&(ROUNDDOWN(MOD(AG48,12),0))&"개월" -> 25년 1개월 | AI48: 서울시 관악구 신림로54길 34 (신림동) 501호 | AJ48: 010-3919-1496 | AK48: hyungjin@in-soft.co.kr
A49: 3 | B49: 020103 | C49: 개발 | D49: 조미행 | E49: 차장 | G49: 솔루션사업개발본부 | H49: 통합서비스그룹 | I49: 760703-2094815 | J49: 37257 | K49: 40725 | L49: 41364 | M49: 일반대 | N49: 한양사이버대학교 | O49: 0 | Q49: 학사 | Y49: 고급 | Z49: 유 | AA49: =+VLOOKUP($D49,[1]Sheet1!$A$1:$C$42,3,0) -> #N/A | AB49: =+VLOOKUP($D49,[1]Sheet1!$A$1:$C$42,2,0) -> #N/A | AC49: 3 | AD49: =(TRUNC(AC49/12))&"년 "&(ROUNDDOWN(MOD(AC49,12),0))&"개월" -> 0년 3개월 | AE49: =($AK$1-J49)/30 -> 295.23333 | AF49: =(TRUNC(AE49/12))&"년 "&(ROUNDDOWN(MOD(AE49,12),0))&"개월" -> 24년 7개월 | AG49: =+AC49+AE49 -> 298.23333 | AH49: =(TRUNC(AG49/12))&"년 "&(ROUNDDOWN(MOD(AG49,12),0))&"개월" -> 24년 10개월 | AI49: 서울시 강남구 논현동 107-44 우민APT 510호 | AJ49: 017-260-4650 | AK49: angi0703@in-soft.co.kr
A50: 54 | B50: 120201 | C50: 개발 | D50: 김지수 | E50: 사원 | G50: TSO | H50: TSO | I50: 911231-2020216 | J50: 40945 | L50: 41364 | M50: 전문대 | N50: 삼육보건대학 | O50: 의료정보시스팀 | Q50: 전문 | Y50: 초급 | Z50: 무 | AC50: 0 | AD50: =(TRUNC(AC50/12))&"년 "&(ROUNDDOWN(MOD(AC50,12),0))&"개월" -> 0년 0개월 | AE50: =($AK$1-J50)/30 -> 172.3 | AF50: =(TRUNC(AE50/12))&"년 "&(ROUNDDOWN(MOD(AE50,12),0))&"개월" -> 14년 4개월 | AG50: =+AC50+AE50 -> 172.3 | AH50: =(TRUNC(AG50/12))&"년 "&(ROUNDDOWN(MOD(AG50,12),0))&"개월" -> 14년 4개월 | AI50: 서울시 동작구 대방동 한국아파트 101동 502호 | AJ50: 010-9163-2879 | AK50: jskim@in-soft.co.kr
A51: 43 | B51: 111102 | C51: 비개발 | D51: 박지원 | E51: 과장 | G51: 영업팀 | H51: 영업팀 | I51: 780310-1409018 | J51: 40854 | L51: 41341 | M51: 일반대 | N51: 대덕대학 | O51: 전자상거래 | Q51: 학사 | Z51: 무 | AC51: 91 | AD51: =(TRUNC(AC51/12))&"년 "&(ROUNDDOWN(MOD(AC51,12),0))&"개월" -> 7년 7개월 | AE51: =($AL$1-J51)/30 -> -1361.8 | AF51: =(TRUNC(AE51/12))&"년 "&(ROUNDDOWN(MOD(AE51,12),0))&"개월" -> -113년 6개월 | AG51: =+AC51+AE51 -> -1270.8 | AH51: =(TRUNC(AG51/12))&"년 "&(ROUNDDOWN(MOD(AG51,12),0))&"개월" -> -105년 1개월 | AI51: 서울시 강서구 염창동 304 이너스내안에5차 동진아파트 603호 | AJ51: 010-6456-7435 | AK51: jwpark@in-soft.co.kr
A52: 61 | B52: 120403 | C52: 개발 | D52: 김재훈 | E52: 선임 | G52: UbiCom 연구실 | H52: R&D_1그룹 | I52: 770830-1100133 | J52: 41001 | L52: 41369 | M52: 일반대 | N52: 한국방송통신대학교 | O52: 컴퓨터학과 | Q52: 학사 | R52: 39505 | S52: 정보처리기사 | T52: 39314 | U52: 정보처리기사 | V52: 39314 | Y52: 중급 | Z52: 무 | AC52: 105 | AD52: =(TRUNC(AC52/12))&"년 "&(ROUNDDOWN(MOD(AC52,12),0))&"개월" -> 8년 9개월 | AE52: =(재직자!$AL$1-J52)/30 -> 170.43333 | AF52: =(TRUNC(AE52/12))&"년 "&(ROUNDDOWN(MOD(AE52,12),0))&"개월" -> 14년 2개월 | AG52: =+AC52+AE52 -> 275.43333 | AH52: =(TRUNC(AG52/12))&"년 "&(ROUNDDOWN(MOD(AG52,12),0))&"개월" -> 22년 11개월 | AI52: 서울시 관악구 신림동 1432-151 원오피스텔 203호 | AJ52: 010-4945-6160 | AK52: jaehoonkim@in-soft.co.kr
A53: 80 | B53: 130302 | C53: 개발 | D53: 주진호 | E53: 부장 | G53: 금융사업팀 | H53: 금융사업팀 | I53: 680227-1820910 | J53: 41358 | L53: 41375 | M53: 일반대 | N53: 고려대학교 | O53: 산림자원학과 | Q53: 학사 | R53: 34390 | AC53: 192 | AD53: =(TRUNC(AC53/12))&"년 "&(ROUNDDOWN(MOD(AC53,12),0))&"개월" -> 16년 0개월 | AE53: =(재직자!$AL$1-J53)/30 -> 158.53333 | AF53: =(TRUNC(AE53/12))&"년 "&(ROUNDDOWN(MOD(AE53,12),0))&"개월" -> 13년 2개월 | AG53: =+AC53+AE53 -> 350.53333 | AH53: =(TRUNC(AG53/12))&"년 "&(ROUNDDOWN(MOD(AG53,12),0))&"개월" -> 29년 2개월 | AI53: 경기도 용인시 기흥구 마북동 동양파라곤101-1601 | AJ53: 010-5166-9908 | AK53: jhju@in-soft.co.kr
A54: 25 | B54: 100703 | C54: 개발 | D54: 김영주A | E54: 대리 | G54: 솔루션사업개발본부 | H54: 데이터서비스그룹 | I54: 821016-1559914 | J54: 40360 | K54: 40725 | L54: 41394 | M54: 일반대 | N54: 동신대학교 | O54: 멀티미디어컨텐츠 | Q54: 학사 | Y54: 초급 | Z54: 유 | AA54: =+VLOOKUP($D54,[1]Sheet1!$A$1:$C$42,3,0) -> #N/A | AB54: =+VLOOKUP($D54,[1]Sheet1!$A$1:$C$42,2,0) -> #N/A | AC54: 28 | AD54: =(TRUNC(AC54/12))&"년 "&(ROUNDDOWN(MOD(AC54,12),0))&"개월" -> 2년 4개월 | AE54: =($AK$1-J54)/30 -> 191.8 | AF54: =(TRUNC(AE54/12))&"년 "&(ROUNDDOWN(MOD(AE54,12),0))&"개월" -> 15년 11개월 | AG54: =+AC54+AE54 -> 219.8 | AH54: =(TRUNC(AG54/12))&"년 "&(ROUNDDOWN(MOD(AG54,12),0))&"개월" -> 18년 3개월 | AI54: 서울시 구로구 구로동 1130-14번지 대진월드타워 A동 309호 | AJ54: 010-8506-4516 | AK54: kyjinsoft@in-soft.co.kr
A55: 51 | B55: 120202 | C55: 개발 | D55: 이정인 | E55: 사원 | G55: TSO | H55: TSO | I55: 900824-2227814 | J55: 40953 | L55: 41394 | M55: 전문대 | N55: 용인송담대학 | O55: 의료정보시스팀 | Q55: 전문 | R55: 40949 | Y55: 초급 | Z55: 무 | AC55: 0 | AD55: =(TRUNC(AC55/12))&"년 "&(ROUNDDOWN(MOD(AC55,12),0))&"개월" -> 0년 0개월 | AE55: =($AK$1-J55)/30 -> 172.03333 | AF55: =(TRUNC(AE55/12))&"년 "&(ROUNDDOWN(MOD(AE55,12),0))&"개월" -> 14년 4개월 | AG55: =+AC55+AE55 -> 172.03333 | AH55: =(TRUNC(AG55/12))&"년 "&(ROUNDDOWN(MOD(AG55,12),0))&"개월" -> 14년 4개월 | AI55: 경기도 남양주시 화도읍 가곡리 167-8 | AJ55: 010-9137-9291 | AK55: jilee@in-soft.co.kr
A56: 18 | B56: 090801 | C56: 개발 | D56: 최종하 | E56: 차장 | G56: TSO | H56: TSO | I56: 760910-1812421 | J56: 40026 | K56: 40544 | L56: 41425 | M56: 일반대 | N56: 동양대학 | O56: 전자공학 | Q56: 전문 | R56: 37308 | Y56: 고급 | Z56: 유 | AA56: =+VLOOKUP($D56,[1]Sheet1!$A$1:$C$42,3,0) -> #N/A | AB56: =+VLOOKUP($D56,[1]Sheet1!$A$1:$C$42,2,0) -> #N/A | AC56: 72 | AD56: =(TRUNC(AC56/12))&"년 "&(ROUNDDOWN(MOD(AC56,12),0))&"개월" -> 6년 0개월 | AE56: =(재직자!$AL$1-J56)/30 -> 202.93333 | AF56: =(TRUNC(AE56/12))&"년 "&(ROUNDDOWN(MOD(AE56,12),0))&"개월" -> 16년 10개월 | AG56: =+AC56+AE56 -> 274.93333 | AH56: =(TRUNC(AG56/12))&"년 "&(ROUNDDOWN(MOD(AG56,12),0))&"개월" -> 22년 10개월 | AI56: 서울시 송파구 석촌동 273-20번지 102동 401호 | AJ56: 010-9881-4680 | AK56: jhchoi@in-soft.co.kr
A57: 22 | B57: 100501 | C57: 개발 | D57: 권현신 | E57: 차장 | G57: 디자인 | H57: 디자인 | I57: 760226-2815013 | J57: 40317 | K57: 40909 | L57: 41425 | M57: 전문대 | N57: 경동정보대학 | O57: 전산정보처리 | Q57: 전문 | R57: 35091 | Y57: 중급 | Z57: 무 | AC57: 87 | AD57: =(TRUNC(AC57/12))&"년 "&(ROUNDDOWN(MOD(AC57,12),0))&"개월" -> 7년 3개월 | AE57: =(재직자!$AL$1-J57)/30 -> 193.23333 | AF57: =(TRUNC(AE57/12))&"년 "&(ROUNDDOWN(MOD(AE57,12),0))&"개월" -> 16년 1개월 | AG57: =+AC57+AE57 -> 280.23333 | AH57: =(TRUNC(AG57/12))&"년 "&(ROUNDDOWN(MOD(AG57,12),0))&"개월" -> 23년 4개월 | AI57: 서울 관악구 봉천동 44-8 로하스빌 806호 | AJ57: 010-2319-8981 | AK57: hskwon@in-soft.co.kr
A58: 68 | B58: 130203 | C58: 비개발 | D58: 강민호 | E58: 대리 | G58: 영업팀 | H58: 영업팀 | I58: 810905-1030911 | J58: 41309 | K58: 37127 | L58: 41429 | M58: 일반대 | N58: 숭실대학교 | O58: 컴퓨터학부 | Q58: 학사 | R58: 39311 | S58: 정보처리산업기사 | U58: 정보처리산업기사 | AC58: 36 | AD58: =(TRUNC(AC58/12))&"년 "&(ROUNDDOWN(MOD(AC58,12),0))&"개월" -> 3년 0개월 | AE58: =(재직자!$AL$1-J58)/30 -> 160.16667 | AF58: =(TRUNC(AE58/12))&"년 "&(ROUNDDOWN(MOD(AE58,12),0))&"개월" -> 13년 4개월 | AG58: =+AC58+AE58 -> 196.16667 | AH58: =(TRUNC(AG58/12))&"년 "&(ROUNDDOWN(MOD(AG58,12),0))&"개월" -> 16년 4개월 | AI58: 서울시 동대문구 이문동 264-211 완후빌딩 4층 | AJ58: 010-9911-4442 | AK58: mhkang@in-soft.co.kr
A59: 12 | B59: 080101 | C59: 개발 | D59: 시지호 | E59: 선임 | G59: Ubicom 연구소 | H59: R&D_1그룹 | I59: 800315-1036610 | J59: 39448 | K59: 40909 | L59: 41455 | M59: 일반대 | N59: 성결대학교 | O59: 정보통신공학 | Q59: 학사 | R59: 38764 | Y59: 중급 | AA59: =+VLOOKUP($D59,[1]Sheet1!$A$1:$C$42,3,0) -> #N/A | AB59: =+VLOOKUP($D59,[1]Sheet1!$A$1:$C$42,2,0) -> #N/A | AC59: 14 | AD59: =(TRUNC(AC59/12))&"년 "&(ROUNDDOWN(MOD(AC59,12),0))&"개월" -> 1년 2개월 | AE59: =($AK$1-J59)/30 -> 222.2 | AF59: =(TRUNC(AE59/12))&"년 "&(ROUNDDOWN(MOD(AE59,12),0))&"개월" -> 18년 6개월 | AG59: =+AC59+AE59 -> 236.2 | AH59: =(TRUNC(AG59/12))&"년 "&(ROUNDDOWN(MOD(AG59,12),0))&"개월" -> 19년 8개월 | AI59: 서울시 서대문구 북아현2동 두산아파트 106동 403호 | AJ59: 010-2052-6090 | AK59: jiho@in-soft.co.kr
A60: 10 | B60: 070301 | C60: 비개발 | D60: 이주형 | E60: 부장 | G60: TSO | H60: TSO | I60: 730610-1455116 | J60: 39143 | K60: 41275 | L60: 41467 | M60: 일반대 | N60: 건국대학교 | O60: 전자공학 | Q60: 학사 | R60: 36578 | S60: 정보처리기사1급 | T60: 34862 | U60: 정보처리기사1급 | V60: 34862 | Y60: 특급 | Z60: 유 | AA60: =+VLOOKUP($D60,[1]Sheet1!$A$1:$C$42,3,0) -> #N/A | AB60: =+VLOOKUP($D60,[1]Sheet1!$A$1:$C$42,2,0) -> #N/A | AC60: 87 | AD60: =(TRUNC(AC60/12))&"년 "&(ROUNDDOWN(MOD(AC60,12),0))&"개월" -> 7년 3개월 | AE60: =($AK$1-J60)/30 -> 232.36667 | AF60: =(TRUNC(AE60/12))&"년 "&(ROUNDDOWN(MOD(AE60,12),0))&"개월" -> 19년 4개월 | AG60: =+AC60+AE60 -> 319.36667 | AH60: =(TRUNC(AG60/12))&"년 "&(ROUNDDOWN(MOD(AG60,12),0))&"개월" -> 26년 7개월 | AI60: 수원시 팔달구 화서동 250-4 화서블루밍푸른숲아파트 101동 203호 | AJ60: 010-4015-7358 | AK60: loveljh@in-soft.co.kr
A61: 46 | B61: 120106 | C61: 개발 | D61: 김영태 | E61: 대리 | G61: TSO | H61: TSO | I61: 810620-1233216 | J61: 40933 | L61: 41455 | M61: 전문대 | N61: 인덕전문대학 | O61: 컴퓨터응용설계 | Q61: 전문 | R61: 38401 | Y61: 초급 | AC61: 18 | AD61: =(TRUNC(AC61/12))&"년 "&(ROUNDDOWN(MOD(AC61,12),0))&"개월" -> 1년 6개월 | AE61: =($AK$1-J61)/30 -> 172.7 | AF61: =(TRUNC(AE61/12))&"년 "&(ROUNDDOWN(MOD(AE61,12),0))&"개월" -> 14년 4개월 | AG61: =+AC61+AE61 -> 190.7 | AH61: =(TRUNC(AG61/12))&"년 "&(ROUNDDOWN(MOD(AG61,12),0))&"개월" -> 15년 10개월 | AI61: 경기도 수원시 영통구 매탄4동 성일아파트 206동 1406호 | AJ61: 010-6391-5393 | AK61: ytkim@in-soft.co.kr
A62: 48 | B62: 120204 | C62: 개발 | D62: 고혜진 | E62: 과장 | G62: 신사업개발본부 | H62: 사업개발그룹 | I62: 780223-2466819 | J62: 40962 | L62: 41455 | M62: 일반대 | N62: 고려사이버대학교 | O62: 컴퓨터정보통신 | Q62: 학사 | R62: 40775 | Y62: 중급 | AC62: 91 | AD62: =(TRUNC(AC62/12))&"년 "&(ROUNDDOWN(MOD(AC62,12),0))&"개월" -> 7년 7개월 | AE62: =($AK$1-J62)/30 -> 171.73333 | AF62: =(TRUNC(AE62/12))&"년 "&(ROUNDDOWN(MOD(AE62,12),0))&"개월" -> 14년 3개월 | AG62: =+AC62+AE62 -> 262.73333 | AH62: =(TRUNC(AG62/12))&"년 "&(ROUNDDOWN(MOD(AG62,12),0))&"개월" -> 21년 10개월 | AI62: 서울시 관악구 인헌동 1633-15 | AJ62: 010-7530-0223 | AK62: hjko@in-soft.co.kr
A63: 52 | B63: 120304 | C63: 개발 | D63: 장진철 | E63: 부장 | G63: 신사업개발본부 | H63: 사업개발그룹 | I63: 701202-1455821 | J63: 40988 | L63: 41455 | M63: 고졸 | N63: 0 | O63: 0 | Q63: 고졸 | Y63: 고급 | AC63: 243 | AD63: =(TRUNC(AC63/12))&"년 "&(ROUNDDOWN(MOD(AC63,12),0))&"개월" -> 20년 3개월 | AE63: =($AK$1-J63)/30 -> 170.86667 | AF63: =(TRUNC(AE63/12))&"년 "&(ROUNDDOWN(MOD(AE63,12),0))&"개월" -> 14년 2개월 | AG63: =+AC63+AE63 -> 413.86667 | AH63: =(TRUNC(AG63/12))&"년 "&(ROUNDDOWN(MOD(AG63,12),0))&"개월" -> 34년 5개월 | AI63: 서울시 강서구 화곡3동 1068-11 | AJ63: 010-4105-6934 | AK63: request@in-soft.co.kr
A64: 62 | B64: 121101 | C64: 개발 | D64: 강호석 | E64: 책임 | G64: Ubicom 연구실 | H64: R&D_1그룹 | I64: 740618-1057312 | J64: 41233 | L64: 41467 | M64: 대학원 | N64: 호서대학교 | O64: 컴퓨터공학 | Q64: 석사 | R64: 36574 | Y64: 특급 | Z64: 유 | AC64: 132 | AD64: =(TRUNC(AC64/12))&"년 "&(ROUNDDOWN(MOD(AC64,12),0))&"개월" -> 11년 0개월 | AE64: =($AK$1-J64)/30 -> 162.7 | AF64: =(TRUNC(AE64/12))&"년 "&(ROUNDDOWN(MOD(AE64,12),0))&"개월" -> 13년 6개월 | AG64: =+AC64+AE64 -> 294.7 | AH64: =(TRUNC(AG64/12))&"년 "&(ROUNDDOWN(MOD(AG64,12),0))&"개월" -> 24년 6개월 | AI64: 서울시 노원구 상계6.7동 상계주공4단지 407동409호 | AJ64: 010-3715-3146 | AK64: hskang@in-soft.co.kr
A65: 12 | B65: 080801 | C65: 비개발 | D65: 문경란 | E65: 대리 | G65: 경영지원팀 | H65: 경영지원팀 | I65: 840111-2056014 | J65: 39680 | K65: 40909 | L65: 41486 | M65: 전문대 | N65: 국제대학 | O65: 패션디자인 | Q65: 전문 | AC65: 18 | AD65: =(TRUNC(AC65/12))&"년 "&(ROUNDDOWN(MOD(AC65,12),0))&"개월" -> 1년 6개월 | AE65: =($AK$1-J65)/30 -> 214.46667 | AF65: =(TRUNC(AE65/12))&"년 "&(ROUNDDOWN(MOD(AE65,12),0))&"개월" -> 17년 10개월 | AG65: =+AC65+AE65 -> 232.46667 | AH65: =(TRUNC(AG65/12))&"년 "&(ROUNDDOWN(MOD(AG65,12),0))&"개월" -> 19년 4개월 | AI65: 서울시 영등포구 양평동3가 30-15 203호 | AJ65: 010-9996-4011 | AK65: moon23@in-soft.co.kr
A66: 54 | B66: 120901 | C66: 비개발 | D66: 박성천 | E66: 전무 | G66: 영업팀 | H66: 영업팀 | I66: 640504-1665613 | J66: 41155 | L66: 41486 | M66: 일반대 | N66: 한양대학교 | O66: 물리학과 | Q66: 학사 | AC66: 228 | AD66: =(TRUNC(AC66/12))&"년 "&(ROUNDDOWN(MOD(AC66,12),0))&"개월" -> 19년 0개월 | AE66: =($AK$1-J66)/30 -> 165.3 | AF66: =(TRUNC(AE66/12))&"년 "&(ROUNDDOWN(MOD(AE66,12),0))&"개월" -> 13년 9개월 | AG66: =+AC66+AE66 -> 393.3 | AH66: =(TRUNC(AG66/12))&"년 "&(ROUNDDOWN(MOD(AG66,12),0))&"개월" -> 32년 9개월 | AI66: 마포구 상암동 월드컵아파트 201 -2006 | AJ66: 010-3730-1347 | AK66: scpark@in-soft.co.kr
A67: 35 | B67: 110802 | C67: 개발 | D67: 이화영 | E67: 전임 | G67: UbiCom 연구실 | H67: R&D_1그룹 | I67: 770213-2573836 | J67: 40756 | L67: 41517 | M67: 대학원 | N67: 동국대학교 | O67: 컴퓨터공학 | Q67: 석사 | R67: 38401 | S67: 정보처리기사 | T67: 39433 | U67: 정보처리기사 | V67: 39433 | Y67: 고급 | Z67: 유 | AA67: =+VLOOKUP($D67,[1]Sheet1!$A$1:$C$42,3,0) -> #N/A | AB67: =+VLOOKUP($D67,[1]Sheet1!$A$1:$C$42,2,0) -> #N/A | AC67: 53 | AD67: =(TRUNC(AC67/12))&"년 "&(ROUNDDOWN(MOD(AC67,12),0))&"개월" -> 4년 5개월 | AE67: =($AK$1-J67)/30 -> 178.6 | AF67: =(TRUNC(AE67/12))&"년 "&(ROUNDDOWN(MOD(AE67,12),0))&"개월" -> 14년 10개월 | AG67: =+AC67+AE67 -> 231.6 | AH67: =(TRUNC(AG67/12))&"년 "&(ROUNDDOWN(MOD(AG67,12),0))&"개월" -> 19년 3개월 | AI67: 서울 동작구 상도 2동 상도래미안 1차 108동 1110호 | AJ67: 011-9983-2785 | AK67: hylee@in-soft.co.kr
A68: 10 | B68: 071002 | C68: 개발 | D68: 문병관 | E68: 선임 | G68: Ubicom 연구소 | H68: R&D_2그룹 | I68: 790318-1690411 | J68: 39356 | K68: 40544 | L68: 41497 | M68: 일반대 | N68: 대구대학교 | O68: 전산학 | Q68: 학사 | R68: 38401 | Y68: 고급 | Z68: 유 | AA68: =+VLOOKUP($D68,[1]Sheet1!$A$1:$C$42,3,0) -> #N/A | AB68: =+VLOOKUP($D68,[1]Sheet1!$A$1:$C$42,2,0) -> #N/A | AC68: 38 | AD68: =(TRUNC(AC68/12))&"년 "&(ROUNDDOWN(MOD(AC68,12),0))&"개월" -> 3년 2개월 | AE68: =($AK$1-J68)/30 -> 225.26667 | AF68: =(TRUNC(AE68/12))&"년 "&(ROUNDDOWN(MOD(AE68,12),0))&"개월" -> 18년 9개월 | AG68: =+AC68+AE68 -> 263.26667 | AH68: =(TRUNC(AG68/12))&"년 "&(ROUNDDOWN(MOD(AG68,12),0))&"개월" -> 21년 11개월 | AI68: 경기도 부천시 소사구 괴안동 99-1 신일해피트리아파트 104-1003 | AJ68: 010-8562-3983 | AK68: bkmoon@in-soft.co.kr
A69: 20 | B69: 100704 | C69: 개발 | D69: 권대현 | E69: 사원 | G69: 솔루션사업개발본부 | H69: 데이터서비스그룹 | I69: 870214-1704210 | J69: 40381 | L69: 41480 | M69: 전문대 | N69: 유한대학 | O69: 전자계산학 | Q69: 전문 | R69: 40232 | S69: 정보처리산업기사 | T69: 40042 | U69: 정보처리산업기사 | V69: 40042 | Y69: 초급 | Z69: 유 | AA69: =+VLOOKUP($D69,[1]Sheet1!$A$1:$C$42,3,0) -> #N/A | AB69: =+VLOOKUP($D69,[1]Sheet1!$A$1:$C$42,2,0) -> #N/A | AC69: 0 | AD69: =(TRUNC(AC69/12))&"년 "&(ROUNDDOWN(MOD(AC69,12),0))&"개월" -> 0년 0개월 | AE69: =($AK$1-J69)/30 -> 191.1 | AF69: =(TRUNC(AE69/12))&"년 "&(ROUNDDOWN(MOD(AE69,12),0))&"개월" -> 15년 11개월 | AG69: =+AC69+AE69 -> 191.1 | AH69: =(TRUNC(AG69/12))&"년 "&(ROUNDDOWN(MOD(AG69,12),0))&"개월" -> 15년 11개월 | AI69: 인천계양구 용종동 하나아파트 319동 403호 | AJ69: 010-2000-4083 | AK69: dhkwon@in-soft.co.kr
A70: 42 | B70: 120104 | C70: 비개발 | D70: 이상현 | E70: 이사 | G70: 신사업개발본부 | H70: 신사업개발본부 | I70: 680110-1011716 | J70: 40917 | K70: 41275 | L70: 41519 | M70: 일반대 | N70: 명지대학교 | O70: 전자계산학 | Q70: 학사 | R70: 32928 | Y70: 특급 | AA70: =+VLOOKUP($D70,[1]Sheet1!$A$1:$C$42,3,0) -> #N/A | AB70: =+VLOOKUP($D70,[1]Sheet1!$A$1:$C$42,2,0) -> #N/A | AC70: 243 | AD70: =(TRUNC(AC70/12))&"년 "&(ROUNDDOWN(MOD(AC70,12),0))&"개월" -> 20년 3개월 | AE70: =($AK$1-J70)/30 -> 173.23333 | AF70: =(TRUNC(AE70/12))&"년 "&(ROUNDDOWN(MOD(AE70,12),0))&"개월" -> 14년 5개월 | AG70: =+AC70+AE70 -> 416.23333 | AH70: =(TRUNC(AG70/12))&"년 "&(ROUNDDOWN(MOD(AG70,12),0))&"개월" -> 34년 8개월 | AI70: 경기도 안양시 동안구 평촌동 푸른마을 대우아파트 107동 104호 | AJ70: 010-8207-8535 | AK70: sanghyunlee@in-soft.co.kr
A71: 67 | B71: 130803 | C71: 기획 | D71: 김황곤 | E71: 부장 | G71: 전략기획실 | H71: 전략기획실 | I71: 740528-1408518 | J71: 41505 | L71: 41544 | M71: 대학원 | N71: 일본 게이오대학교 대학원 | O71: 미디어 | P71: 일본 | Q71: 석사 | R71: 40613 | AC71: 83 | AD71: =(TRUNC(AC71/12))&"년 "&(ROUNDDOWN(MOD(AC71,12),0))&"개월" -> 6년 11개월 | AE71: =(재직자!$AL$1-J71)/30 -> 153.63333 | AF71: =(TRUNC(AE71/12))&"년 "&(ROUNDDOWN(MOD(AE71,12),0))&"개월" -> 12년 9개월 | AG71: =+AC71+AE71 -> 236.63333 | AH71: =(TRUNC(AG71/12))&"년 "&(ROUNDDOWN(MOD(AG71,12),0))&"개월" -> 19년 8개월 | AI71: 서울시 강남구 역삼동 643-16번지 302호 | AJ71: 010-6212-2018
A72: 40 | B72: 120205 | C72: 개발 | D72: 전두일 | E72: 사원 | G72: 솔루션사업개발본부 | H72: 클라우드솔루션그룹 | I72: 831220-1042511 | J72: 40966 | L72: 41578 | M72: 전문대 | N72: 한성전문학교 | O72: 인터넷정보 | Q72: 전문 | R72: 39126 | S72: SCJP | T72: 40452 | Y72: 초급 | Z72: 유 | AC72: 0 | AD72: =(TRUNC(AC72/12))&"년 "&(ROUNDDOWN(MOD(AC72,12),0))&"개월" -> 0년 0개월 | AE72: =(재직자!$AL$1-J72)/30 -> 171.6 | AF72: =(TRUNC(AE72/12))&"년 "&(ROUNDDOWN(MOD(AE72,12),0))&"개월" -> 14년 3개월 | AG72: =+AC72+AE72 -> 171.6 | AH72: =(TRUNC(AG72/12))&"년 "&(ROUNDDOWN(MOD(AG72,12),0))&"개월" -> 14년 3개월 | AI72: 경기도 파주시 교하읍 가람마을 613동 801호 | AJ72: 010-3300-4338 | AK72: dijeon@in-soft.co.kr
A73: 48 | B73: 120801 | C73: 비개발 | D73: 김윤호 | E73: 이사 | G73: 전략기획실 | H73: 전략기획실 | I73: 680702-1162844 | J73: 41122 | M73: 일반대 | N73: 한양대학교 | O73: 정보미디어학 | Q73: 학사 | R73: 37484 | Y73: 특급 | AC73: 214 | AD73: =(TRUNC(AC73/12))&"년 "&(ROUNDDOWN(MOD(AC73,12),0))&"개월" -> 17년 10개월 | AE73: =($AK$1-J73)/30 -> 166.4 | AF73: =(TRUNC(AE73/12))&"년 "&(ROUNDDOWN(MOD(AE73,12),0))&"개월" -> 13년 10개월 | AG73: =+AC73+AE73 -> 380.4 | AH73: =(TRUNC(AG73/12))&"년 "&(ROUNDDOWN(MOD(AG73,12),0))&"개월" -> 31년 8개월 | AJ73: 010-5322-1194 | AK73: yhkim@in-soft.co.kr
A74: 44 | B74: 120402 | C74: 개발 | D74: 황용성 | E74: 부장 | G74: 솔루션사업개발본부 | H74: 플랫폼솔루션개발그룹 | I74: 711020-1162217 | J74: 41001 | K74: 41275 | M74: 일반대 | N74: 청주대학교 | O74: 화학과 | Q74: 학사 | R74: 34752 | S74: MCP | T74: 35278 | Y74: 특급 | AC74: 206 | AD74: =(TRUNC(AC74/12))&"년 "&(ROUNDDOWN(MOD(AC74,12),0))&"개월" -> 17년 2개월 | AE74: =($AK$1-J74)/30 -> 170.43333 | AF74: =(TRUNC(AE74/12))&"년 "&(ROUNDDOWN(MOD(AE74,12),0))&"개월" -> 14년 2개월 | AG74: =+AC74+AE74 -> 376.43333 | AH74: =(TRUNC(AG74/12))&"년 "&(ROUNDDOWN(MOD(AG74,12),0))&"개월" -> 31년 4개월 | AI74: 서울시 영등포구 여의도동 진주아파트 A동 401호 | AJ74: 010-9092-8067 | AK74: yshwang@in-soft.co.kr
A75: 21 | B75: 101101 | C75: 개발 | D75: 오정국 | E75: 수석 | G75: Ubicom 연구소 | H75: R&D_1그룹 | I75: 720228-1656912 | J75: 40493 | K75: 40909 | M75: 대학원 | N75: 아주대학교 | O75: 정보처리 | Q75: 석사 | R75: 38762 | Y75: 특급 | AA75: =+VLOOKUP($D75,[1]Sheet1!$A$1:$C$42,3,0) -> #N/A | AB75: =+VLOOKUP($D75,[1]Sheet1!$A$1:$C$42,2,0) -> #N/A | AC75: 139 | AD75: =(TRUNC(AC75/12))&"년 "&(ROUNDDOWN(MOD(AC75,12),0))&"개월" -> 11년 7개월 | AE75: =($AK$1-J75)/30 -> 187.36667 | AF75: =(TRUNC(AE75/12))&"년 "&(ROUNDDOWN(MOD(AE75,12),0))&"개월" -> 15년 7개월 | AG75: =+AC75+AE75 -> 326.36667 | AH75: =(TRUNC(AG75/12))&"년 "&(ROUNDDOWN(MOD(AG75,12),0))&"개월" -> 27년 2개월 | AI75: 경기도 화성시 능동 1131 동탄숲속마을 자연앤데시앙아파트 875-204 | AJ75: 010-6284-2609 | AK75: jkoh@in-soft.co.kr
A76: 32 | B76: 110902 | C76: 개발 | D76: 정인철 | E76: 책임 | G76: UbiCom 연구실 | H76: R&D_1그룹 | I76: 730526-1560516 | J76: 40791 | M76: 일반대 | N76: 조선대학교 | O76: 전산통계학 | Q76: 학사 | R76: 35119 | Y76: 특급 | Z76: 유 | AC76: 130 | AD76: =(TRUNC(AC76/12))&"년 "&(ROUNDDOWN(MOD(AC76,12),0))&"개월" -> 10년 10개월 | AE76: =($AK$1-J76)/30 -> 177.43333 | AF76: =(TRUNC(AE76/12))&"년 "&(ROUNDDOWN(MOD(AE76,12),0))&"개월" -> 14년 9개월 | AG76: =+AC76+AE76 -> 307.43333 | AH76: =(TRUNC(AG76/12))&"년 "&(ROUNDDOWN(MOD(AG76,12),0))&"개월" -> 25년 7개월 | AI76: 경기도 김포시 풍무동 당곡마을 748 월드메르디앙 아파트 305동 402호 | AJ76: 010-3170-2652 | AK76: icjung@in-soft.co.kr
A77: 26 | B77: 110205 | C77: 개발 | D77: 장현석 | E77: 사원 | G77: 플랫폼사업부 | H77: 플랫폼사업부 | I77: 831230-1042521 | J77: 40595 | M77: 고졸 | N77: 경기상업학교 | O77: 0 | Q77: 고졸 | S77: 정보처리기능사 | T77: 37088 | U77: SCJP | V77: 40452 | Y77: 초급 | Z77: 유 | AC77: 0 | AD77: =(TRUNC(AC77/12))&"년 "&(ROUNDDOWN(MOD(AC77,12),0))&"개월" -> 0년 0개월 | AE77: =(재직자!$AL$1-J77)/30 -> 183.96667 | AF77: =(TRUNC(AE77/12))&"년 "&(ROUNDDOWN(MOD(AE77,12),0))&"개월" -> 15년 3개월 | AG77: =+AC77+AE77 -> 183.96667 | AH77: =(TRUNC(AG77/12))&"년 "&(ROUNDDOWN(MOD(AG77,12),0))&"개월" -> 15년 3개월 | AI77: 서울시 은평구 응암3동 756-20 | AJ77: 010-3727-8312 | AK77: hsjang@in-soft.co.kr
A78: 42 | B78: 120305 | C78: 개발 | D78: 장경순 | E78: 사원 | G78: 플랫폼사업부 | H78: 플랫폼사업부 | I78: 851110-1082412 | J78: 40994 | M78: 고졸 | N78: 0 | O78: 0 | Q78: 고졸 | S78: OCJP | T78: 40634 | Y78: 초급 | Z78: 유 | AC78: 10 | AD78: =(TRUNC(AC78/12))&"년 "&(ROUNDDOWN(MOD(AC78,12),0))&"개월" -> 0년 10개월 | AE78: =($AK$1-J78)/30 -> 170.66667 | AF78: =(TRUNC(AE78/12))&"년 "&(ROUNDDOWN(MOD(AE78,12),0))&"개월" -> 14년 2개월 | AG78: =+AC78+AE78 -> 180.66667 | AH78: =(TRUNC(AG78/12))&"년 "&(ROUNDDOWN(MOD(AG78,12),0))&"개월" -> 15년 0개월 | AI78: 경기도 성남시 분당구 금곡동 한라아파트 302-1402 | AJ78: 010-2054-8861 | AK78: ksjang@in-soft.co.kr
A79: 42 | B79: 120902 | C79: 개발 | D79: 고성민 | E79: 전임 | G79: Ubicom 연구소 | H79: R&D 2팀 | I79: 830120-1118211 | J79: 41155 | L79: 41719 | M79: 일반대 | N79: 신라대학교 | O79: 인터넷응용 | Q79: 학사 | R79: 39500 | S79: 정보처리기사 | T79: 39237 | Y79: 중급 | Z79: 유 | AC79: 53 | AD79: =(TRUNC(AC79/12))&"년 "&(ROUNDDOWN(MOD(AC79,12),0))&"개월" -> 4년 5개월 | AE79: =(재직자!$AL$1-J79)/30 -> 165.3 | AF79: =(TRUNC(AE79/12))&"년 "&(ROUNDDOWN(MOD(AE79,12),0))&"개월" -> 13년 9개월 | AG79: =+AC79+AE79 -> 218.3 | AH79: =(TRUNC(AG79/12))&"년 "&(ROUNDDOWN(MOD(AG79,12),0))&"개월" -> 18년 2개월 | AI79: 서울 특별시 영등포구 영등포4가 167-1 603호 | AJ79: 010-7142-3959 | AK79: smko@in-soft.co.kr | AL79: =+VLOOKUP($D79,[2]Sheet1!$C$2:$D$36,2,0) -> #N/A | AM79: (양)83.01.20 | AN79: 1.2
A80: 31 | B80: 111203 | C80: 개발 | D80: 김정영 | E80: 과장 | G80: 품질혁신팀 | H80: 품질혁신팀 | I80: 770816-1023928 | J80: 40882 | L80: 41820 | M80: 전문대 | N80: 명지전문대 | O80: 건축학 | Q80: 전문 | R80: 37309 | S80: SCSA | T80: 37232 | U80: SCNA | V80: 37245 | Y80: 고급 | AC80: 126 | AD80: =(TRUNC(AC80/12))&"년 "&(ROUNDDOWN(MOD(AC80,12),0))&"개월" -> 10년 6개월 | AE80: =(재직자!$AL$1-J80)/30 -> 174.4 | AF80: =(TRUNC(AE80/12))&"년 "&(ROUNDDOWN(MOD(AE80,12),0))&"개월" -> 14년 6개월 | AG80: =+AC80+AE80 -> 300.4 | AH80: =(TRUNC(AG80/12))&"년 "&(ROUNDDOWN(MOD(AG80,12),0))&"개월" -> 25년 0개월 | AI80: 서울시 동대문구 이문동 257-456 2층 | AJ80: 010-2708-1742 | AK80: jykim@in-soft.co.kr | AM80: (양)77.08.16 | AN80: 8.16
A81: 41 | B81: 120701 | C81: 비개발 | D81: 이우진 | E81: 차장 | G81: 경영지원팀 | H81: 경영지원팀 | I81: 761011-1149217 | J81: 41099 | L81: 41775 | M81: 대학원 | N81: 인하대학교 | O81: 경영학 | Q81: 석사 | R81: 40233 | AC81: 132 | AD81: =(TRUNC(AC81/12))&"년 "&(ROUNDDOWN(MOD(AC81,12),0))&"개월" -> 11년 0개월 | AE81: =(재직자!$AL$1-J81)/30 -> 167.16667 | AF81: =(TRUNC(AE81/12))&"년 "&(ROUNDDOWN(MOD(AE81,12),0))&"개월" -> 13년 11개월 | AG81: =+AC81+AE81 -> 299.16667 | AH81: =(TRUNC(AG81/12))&"년 "&(ROUNDDOWN(MOD(AG81,12),0))&"개월" -> 24년 11개월 | AI81: 인천시 계양구 작전동 미도아파트 1동 808호 | AJ81: 010-9198-7336 | AK81: woojinlee@in-soft.co.kr | AL81: =+VLOOKUP($D81,[2]Sheet1!$C$2:$D$36,2,0) -> #N/A | AM81: (음)76.10.11 | AN81: 12.02
A82: 61 | B82: 131001 | C82: 비개발 | D82: 함형석 | E82: 부장 | G82: IT사업본부 | H82: SI사업기획팀 | I82: 720825-1479011 | J82: 41561 | L82: 41869 | M82: 일반대 | N82: 한남대학교 | O82: 컴퓨터공학과 | Q82: 학사 | R82: 36574 | S82: 정보처리기사 | T82: 37963 | Y82: 특급 | AC82: 161 | AD82: =(TRUNC(AC82/12))&"년 "&(ROUNDDOWN(MOD(AC82,12),0))&"개월" -> 13년 5개월 | AE82: =(재직자!$AL$1-J82)/30 -> 151.76667 | AF82: =(TRUNC(AE82/12))&"년 "&(ROUNDDOWN(MOD(AE82,12),0))&"개월" -> 12년 7개월 | AG82: =+AC82+AE82 -> 312.76667 | AH82: =(TRUNC(AG82/12))&"년 "&(ROUNDDOWN(MOD(AG82,12),0))&"개월" -> 26년 0개월 | AI82: 경기도 안양시 동안구 평촌동 초원대원아파트 303동 802호 | AJ82: 010-2307-9638 | AK82: hsham@in-soft.co.kr | AL82: =+VLOOKUP($D82,[2]Sheet1!$C$2:$D$36,2,0) -> #N/A | AM82: (양)72.08.25 | AN82: 8.25
A83: 65 | B83: 131201 | C83: 비개발 | D83: 김윤철 | E83: 상무 | G83: IT사업본부 | H83: IT사업본부 | I83: 680110-1041411 | J83: 41609 | L83: 41882 | M83: 대학원 | N83: 숭실대학교 | O83: 전자계산학과 | Q83: 석사 | AD83: =(TRUNC(AC83/12))&"년 "&(ROUNDDOWN(MOD(AC83,12),0))&"개월" -> 0년 0개월 | AE83: =(재직자!$AL$1-J83)/30 -> 150.16667 | AF83: =(TRUNC(AE83/12))&"년 "&(ROUNDDOWN(MOD(AE83,12),0))&"개월" -> 12년 6개월 | AG83: =+AC83+AE83 -> 150.16667 | AH83: =(TRUNC(AG83/12))&"년 "&(ROUNDDOWN(MOD(AG83,12),0))&"개월" -> 12년 6개월 | AI83: 서울 마포구 합정동 369-3 202호 | AJ83: 010-7277-5451 | AK83: paul@in-soft.co.kr | AL83: =+VLOOKUP($D83,[2]Sheet1!$C$2:$D$36,2,0) -> #N/A | AM83: (양)67.01.10 | AN83: 1.10
A84: 66 | B84: 131202 | C84: 개발 | D84: 류주영 | E84: 사원 | G84: Ubicom 연구소 | H84: TSO팀 | I84: 88082919-10418 | J84: 41610 | L84: 41790 | M84: 전문대 | N84: 진주 연암 공업대학 | O84: 전기 컴퓨터 공학 | Q84: 전문 | R84: 41313 | Y84: 초급 | AD84: =(TRUNC(AC84/12))&"년 "&(ROUNDDOWN(MOD(AC84,12),0))&"개월" -> 0년 0개월 | AE84: =(재직자!$AL$1-J84)/30 -> 150.13333 | AF84: =(TRUNC(AE84/12))&"년 "&(ROUNDDOWN(MOD(AE84,12),0))&"개월" -> 12년 6개월 | AG84: =+AC84+AE84 -> 150.13333 | AH84: =(TRUNC(AG84/12))&"년 "&(ROUNDDOWN(MOD(AG84,12),0))&"개월" -> 12년 6개월 | AI84: 서울 구로구 구로3동 1132-52 KS원룸 107호 | AJ84: 010-9238-9556 | AK84: jyryu@in-soft.co.kr | AL84: =+VLOOKUP($D84,[2]Sheet1!$C$2:$D$36,2,0) -> #N/A | AM84: (양)88.08.29 | AN84: 8.29
A85: 72 | B85: 140103 | C85: 개발 | D85: 김용태 | E85: 대리 | G85: Ubicom 연구소 | H85: TSO팀 | I85: 810528-1448912 | J85: 41659 | L85: 41820 | M85: 일반대 | N85: 배제대 | O85: 정보통신공학 | Q85: 학사 | R85: 39135 | S85: 정보처리기사 | T85: 38950 | Y85: 초급 | AD85: =(TRUNC(AC85/12))&"년 "&(ROUNDDOWN(MOD(AC85,12),0))&"개월" -> 0년 0개월 | AE85: =(재직자!$AL$1-J85)/30 -> 148.5 | AF85: =(TRUNC(AE85/12))&"년 "&(ROUNDDOWN(MOD(AE85,12),0))&"개월" -> 12년 4개월 | AG85: =+AC85+AE85 -> 148.5 | AH85: =(TRUNC(AG85/12))&"년 "&(ROUNDDOWN(MOD(AG85,12),0))&"개월" -> 12년 4개월 | AI85: 서울시 영등포구 선유라9나길 CSVILL 701 | AJ85: 010-2249-3636 | AK85: bbytkim@in-soft.co.kr | AM85: (음)81.04.25 | AN85: 5.23
A86: 60 | B86: 131102 | C86: 비개발 | D86: 정해식 | E86: 부장 | G86: IT사업본부 | H86: SI영업팀 | I86: 710424-1683914 | J86: 41628 | L86: 41912 | M86: 일반대 | N86: 경북대학교 | O86: 지역정보 | Q86: 석사 | R86: 36216 | AC86: 168 | AD86: =(TRUNC(AC86/12))&"년 "&(ROUNDDOWN(MOD(AC86,12),0))&"개월" -> 14년 0개월 | AE86: =(재직자!$AL$1-J86)/30 -> 149.53333 | AF86: =(TRUNC(AE86/12))&"년 "&(ROUNDDOWN(MOD(AE86,12),0))&"개월" -> 12년 5개월 | AG86: =+AC86+AE86 -> 317.53333 | AH86: =(TRUNC(AG86/12))&"년 "&(ROUNDDOWN(MOD(AG86,12),0))&"개월" -> 26년 5개월 | AI86: 경기. 군포. 광정. 삼성장미A 1132-1101 | AJ86: 010-3251-6679 | AK86: hasjung@in-soft.co.kr | AL86: =+VLOOKUP($D86,[2]Sheet1!$C$2:$D$36,2,0) -> #N/A | AM86: (양)71.04.24 | AN86: 4.24
A87: 30 | B87: 111201 | C87: 비개발 | D87: 김동진 | E87: 과장 | G87: IT사업본부 | H87: SI영업팀 | I87: 810523-1017120 | J87: 40878 | K87: 41275 | L87: 41912 | M87: 일반대 | N87: 목원대학교 | O87: 사회체육학 | Q87: 학사 | R87: 39499 | AC87: 70 | AD87: =(TRUNC(AC87/12))&"년 "&(ROUNDDOWN(MOD(AC87,12),0))&"개월" -> 5년 10개월 | AE87: =(재직자!$AL$1-J87)/30 -> 174.53333 | AF87: =(TRUNC(AE87/12))&"년 "&(ROUNDDOWN(MOD(AE87,12),0))&"개월" -> 14년 6개월 | AG87: =+AC87+AE87 -> 244.53333 | AH87: =(TRUNC(AG87/12))&"년 "&(ROUNDDOWN(MOD(AG87,12),0))&"개월" -> 20년 4개월 | AI87: 서울시 강서구 염창동 277-63 국제빌라 나동 201호 | AJ87: 010-9039-8888 | AK87: djkim@in-soft.co.kr | AM87: (양)81.05.23 | AN87: 5.23
A88: 38 | B88: 120601 | C88: 개발 | D88: 이윤주 | E88: 선임 | G88: Ubicom 연구소 | H88: R&D 2팀 | I88: 810609-2785410 | J88: 41085 | K88: 41640 | L88: 41985 | M88: 일반대 | N88: 안양과학대학 | O88: 컴퓨터정보 | Q88: 전문 | R88: 37659 | S88: 정보처리기사 | T88: 40872 | Y88: 중급 | AC88: 80 | AD88: =(TRUNC(AC88/12))&"년 "&(ROUNDDOWN(MOD(AC88,12),0))&"개월" -> 6년 8개월 | AE88: =(재직자!$AL$1-J88)/30 -> 167.63333 | AF88: =(TRUNC(AE88/12))&"년 "&(ROUNDDOWN(MOD(AE88,12),0))&"개월" -> 13년 11개월 | AG88: =+AC88+AE88 -> 247.63333 | AH88: =(TRUNC(AG88/12))&"년 "&(ROUNDDOWN(MOD(AG88,12),0))&"개월" -> 20년 7개월 | AI88: 서울시 영등포구 대림동 신동아아파트 1동 201호 | AJ88: 010-9353-0609 | AK88: yjlee@in-soft.co.kr | AL88: =+VLOOKUP($D88,[2]Sheet1!$C$2:$D$36,2,0) -> #N/A | AM88: (양)81.06.09 | AN88: 6.09
A89: 59 | B89: 131103 | C89: 개발 | D89: 이남섭 | E89: 부장 | G89: IT사업본부 | H89: SI컨설팅팀 | I89: 691210-1010221 | J89: 41598 | L89: 42004 | M89: 일반대 | N89: 명지대학교 | O89: 경영정보 | Q89: 석사 | R89: 34021 | Y89: 특급 | AC89: 193 | AD89: =(TRUNC(AC89/12))&"년 "&(ROUNDDOWN(MOD(AC89,12),0))&"개월" -> 16년 1개월 | AE89: =(재직자!$AL$1-J89)/30 -> 150.53333 | AF89: =(TRUNC(AE89/12))&"년 "&(ROUNDDOWN(MOD(AE89,12),0))&"개월" -> 12년 6개월 | AG89: =+AC89+AE89 -> 343.53333 | AH89: =(TRUNC(AG89/12))&"년 "&(ROUNDDOWN(MOD(AG89,12),0))&"개월" -> 28년 7개월 | AI89: 서울시 동대문구 사가정로 65 202동 905호 래미안 크레시티 | AJ89: 010-8795-0221 | AK89: cyan@in-soft.co.kr | AL89: =+VLOOKUP($D89,[2]Sheet1!$C$2:$D$36,2,0) -> #N/A | AM89: (양)69.12.10 | AN89: 12.10
A90: 60 | B90: 131203 | C90: 개발 | D90: 어성화 | E90: 차장 | G90: IT사업본부 | H90: SI컨설팅팀 | I90: 761112-1357619 | J90: 41611 | L90: 42004 | M90: 전문대 | N90: 상지영서대학 | O90: 전자계산학과 | Q90: 전문 | R90: 37305 | AC90: 130 | AD90: =(TRUNC(AC90/12))&"년 "&(ROUNDDOWN(MOD(AC90,12),0))&"개월" -> 10년 10개월 | AE90: =(재직자!$AL$1-J90)/30 -> 150.1 | AF90: =(TRUNC(AE90/12))&"년 "&(ROUNDDOWN(MOD(AE90,12),0))&"개월" -> 12년 6개월 | AG90: =+AC90+AE90 -> 280.1 | AH90: =(TRUNC(AG90/12))&"년 "&(ROUNDDOWN(MOD(AG90,12),0))&"개월" -> 23년 4개월 | AI90: 서울시 도봉구 덕릉로54가길 10-7 502호 | AJ90: 010-4789-8940 | AK90: sheo@in-soft.co.kr | AM90: (음)76.11.12 | AN90: 1.02
A91: 61 | B91: 131204 | C91: 개발 | D91: 길성훈 | E91: 과장 | G91: IT사업본부 | H91: SI컨설팅팀 | I91: 770903-1025714 | J91: 41611 | L91: 42004 | M91: 전문대 | N91: 안양과학대학 | O91: 제어계측 | Q91: 전문 | R91: 36574 | AC91: 130 | AD91: =(TRUNC(AC91/12))&"년 "&(ROUNDDOWN(MOD(AC91,12),0))&"개월" -> 10년 10개월 | AE91: =(재직자!$AL$1-J91)/30 -> 150.1 | AF91: =(TRUNC(AE91/12))&"년 "&(ROUNDDOWN(MOD(AE91,12),0))&"개월" -> 12년 6개월 | AG91: =+AC91+AE91 -> 280.1 | AH91: =(TRUNC(AG91/12))&"년 "&(ROUNDDOWN(MOD(AG91,12),0))&"개월" -> 23년 4개월 | AI91: 서울시 도봉구 덕릉로 62길 28 | AJ91: 010-8925-8373 | AK91: shkil@in-soft.co.kr | AM91: (양)77.10.15 | AN91: 10.15
A92: 69 | B92: 140701 | C92: 비개발 | D92: 최영수 | E92: 이사 | G92: 보안사업팀 | H92: 보안사업팀 | I92: 730519-1047016 | J92: 41821 | L92: 41973 | M92: 대학원 | N92: 경기대학원 | O92: 정보보호학 | P92: 서울 | Q92: 석사 | R92: 39139 | AC92: 175 | AD92: =(TRUNC(AC92/12))&"년 "&(ROUNDDOWN(MOD(AC92,12),0))&"개월" -> 14년 7개월 | AE92: =(재직자!$AL$1-J92)/30 -> 143.1 | AF92: =(TRUNC(AE92/12))&"년 "&(ROUNDDOWN(MOD(AE92,12),0))&"개월" -> 11년 11개월 | AG92: =+AC92+AE92 -> 318.1 | AH92: =(TRUNC(AG92/12))&"년 "&(ROUNDDOWN(MOD(AG92,12),0))&"개월" -> 26년 6개월 | AI92: 서울시 마포 대흥동 22-84 | AJ92: 010-4727-9025 | AK92: yschoi@in-soft.co.kr | AM92: (양)73.05.19 | AN92: 5.19
A93: 71 | B93: 140703 | C93: 개발 | D93: 위성 | E93: 대리 | G93: 보안사업팀 | H93: 보안사업팀 | I93: 860113-1330916 | J93: 41821 | L93: 41973 | M93: 전문대 | N93: 안동과학대학 | O93: 정보보안학 | P93: 경북 | Q93: 전문 | U93: CISSP | V93: 40725 | AC93: 54 | AD93: =(TRUNC(AC93/12))&"년 "&(ROUNDDOWN(MOD(AC93,12),0))&"개월" -> 4년 6개월 | AE93: =(재직자!$AL$1-J93)/30 -> 143.1 | AF93: =(TRUNC(AE93/12))&"년 "&(ROUNDDOWN(MOD(AE93,12),0))&"개월" -> 11년 11개월 | AG93: =+AC93+AE93 -> 197.1 | AH93: =(TRUNC(AG93/12))&"년 "&(ROUNDDOWN(MOD(AG93,12),0))&"개월" -> 16년 5개월 | AI93: 서울시 동작구 노량진동 314-60번지 | AJ93: 010-7240-1919 | AK93: swi@in-soft.co.kr | AM93: (양)86.01.13 | AN93: 1.13
A94: 75 | B94: 140901 | C94: 개발 | D94: 송선호 | E94: 사원 | G94: 보안사업팀 | H94: 보안사업팀 | I94: 890805-1017811 | J94: 41893 | L94: 41973 | M94: 일반대 | N94: 국가평생교육진흥원 | O94: 컴퓨터공학 | P94: 서울 | Q94: 학사 | R94: 41327 | S94: 정보처리산업기사 | T94: 41896 | U94: ICQA | V94: 41896 | AC94: 0 | AD94: =(TRUNC(AC94/12))&"년 "&(ROUNDDOWN(MOD(AC94,12),0))&"개월" -> 0년 0개월 | AE94: =(재직자!$AL$1-J94)/30 -> 140.7 | AF94: =(TRUNC(AE94/12))&"년 "&(ROUNDDOWN(MOD(AE94,12),0))&"개월" -> 11년 8개월 | AG94: =+AC94+AE94 -> 140.7 | AH94: =(TRUNC(AG94/12))&"년 "&(ROUNDDOWN(MOD(AG94,12),0))&"개월" -> 11년 8개월 | AI94: 서울시 성북구 보국문로12길 28, 202호 (정릉동, 태영빌라) | AJ94: 010-7754-8985 | AK94: shsong@in-soft.co.kr | AM94: (양)89.08.05 | AN94: 8.05
A95: 76 | B95: 140902 | C95: 개발 | D95: 정택상 | E95: 사원 | G95: 보안사업팀 | H95: 보안사업팀 | I95: 880828-1659417 | J95: 41904 | L95: 41973 | M95: 일반대 | N95: 서강대학교 | O95: 경제학 | P95: 서울 | Q95: 학사 | R95: 40589 | AC95: 0 | AD95: =(TRUNC(AC95/12))&"년 "&(ROUNDDOWN(MOD(AC95,12),0))&"개월" -> 0년 0개월 | AE95: =(재직자!$AL$1-J95)/30 -> 140.33333 | AF95: =(TRUNC(AE95/12))&"년 "&(ROUNDDOWN(MOD(AE95,12),0))&"개월" -> 11년 8개월 | AG95: =+AC95+AE95 -> 140.33333 | AH95: =(TRUNC(AG95/12))&"년 "&(ROUNDDOWN(MOD(AG95,12),0))&"개월" -> 11년 8개월 | AI95: 서울시 강서구 공항대로39길 100, 104동 601호 (등촌동, 대림아파트) | AJ95: 010-9120-9849 | AK95: tsjung@in-soft.co.kr | AM95: (양)88.08.28 | AN95: 8.28
A96: 58 | B96: 131205 | C96: 개발 | D96: 이이형 | E96: 수석 | G96: Ubicom 연구소 | H96: R&D 1팀 | I96: 720704-1565616 | J96: 41624 | L96: 41958 | M96: 전문대 | N96: 신구대학 | O96: 전자계산 | Q96: 전문 | R96: 35836 | S96: 정보처리산업기사 | T96: 35765 | Y96: 특급 | AC96: 192 | AD96: =(TRUNC(AC96/12))&"년 "&(ROUNDDOWN(MOD(AC96,12),0))&"개월" -> 16년 0개월 | AE96: =(재직자!$AL$1-J96)/30 -> 149.66667 | AF96: =(TRUNC(AE96/12))&"년 "&(ROUNDDOWN(MOD(AE96,12),0))&"개월" -> 12년 5개월 | AG96: =+AC96+AE96 -> 341.66667 | AH96: =(TRUNC(AG96/12))&"년 "&(ROUNDDOWN(MOD(AG96,12),0))&"개월" -> 28년 5개월 | AI96: 인천시 남동구 만수3동 109-364 경인맨션 101-401호 | AJ96: 010-2122-2027 | AK96: yhlee@in-soft.co.kr | AL96: =+VLOOKUP($D96,[2]Sheet1!$C$2:$D$36,2,0) -> #N/A | AM96: (음)72.07.04 | AN96: 7.30
A97: 67 | B97: 140802 | C97: 비개발 | D97: 이학수 | E97: 차장 | G97: SI사업본부 | H97: SI영업팀 | I97: 750117-1703418 | J97: 41855 | L97: 42035 | M97: 일반대 | N97: 대전대학교 | O97: 정보통신공학 | P97: 대전 | Q97: 학사 | S97: 정보처리기사 | T97: 37104 | U97: CCNA | V97: 37577 | AC97: 145 | AD97: =(TRUNC(AC97/12))&"년 "&(ROUNDDOWN(MOD(AC97,12),0))&"개월" -> 12년 1개월 | AE97: =(재직자!$AL$1-J97)/30 -> 141.96667 | AF97: =(TRUNC(AE97/12))&"년 "&(ROUNDDOWN(MOD(AE97,12),0))&"개월" -> 11년 9개월 | AG97: =+AC97+AE97 -> 286.96667 | AH97: =(TRUNC(AG97/12))&"년 "&(ROUNDDOWN(MOD(AG97,12),0))&"개월" -> 23년 10개월 | AI97: 경기도 광주시 태봉로 77 성원3단지 303동1704호 | AJ97: 010-9070-1170 | AK97: hslee@in-soft.co.kr | AM97: (양)75.01.17 | AN97: 1.17
A98: 71 | B98: 141004 | C98: 비개발 | D98: 이준희 | E98: 사원 | G98: 전략영업팀 | H98: 전략영업팀 | I98: 860206-1041811 | J98: 41939 | L98: 42027 | M98: 일반대 | N98: 한성대학교 | O98: 경영학 | P98: 서울 | Q98: 학사 | AC98: 0 | AD98: =(TRUNC(AC98/12))&"년 "&(ROUNDDOWN(MOD(AC98,12),0))&"개월" -> 0년 0개월 | AE98: =(재직자!$AL$1-J98)/30 -> 139.16667 | AF98: =(TRUNC(AE98/12))&"년 "&(ROUNDDOWN(MOD(AE98,12),0))&"개월" -> 11년 7개월 | AG98: =+AC98+AE98 -> 139.16667 | AH98: =(TRUNC(AG98/12))&"년 "&(ROUNDDOWN(MOD(AG98,12),0))&"개월" -> 11년 7개월 | AI98: 서울시 은평구 구산동 547 대림아파트 102동 1102호 | AJ98: 010-4311-7805 | AK98: jhlee@in-soft.co.kr | AM98: (양)86.02.06 | AN98: 2.06
A99: 66 | B99: 140801 | C99: 비개발 | D99: 김승모 | E99: 이사 | G99: SI사업본부 | H99: SI영업팀 | I99: 710927-1063429 | J99: 41855 | L99: 42035 | M99: 일반대 | N99: University of Tessessee | O99: Computer Science | P99: 북미 | Q99: 학사 | AC99: 138 | AD99: =(TRUNC(AC99/12))&"년 "&(ROUNDDOWN(MOD(AC99,12),0))&"개월" -> 11년 6개월 | AE99: =(재직자!$AL$1-J99)/30 -> 141.96667 | AF99: =(TRUNC(AE99/12))&"년 "&(ROUNDDOWN(MOD(AE99,12),0))&"개월" -> 11년 9개월 | AG99: =+AC99+AE99 -> 279.96667 | AH99: =(TRUNC(AG99/12))&"년 "&(ROUNDDOWN(MOD(AG99,12),0))&"개월" -> 23년 3개월 | AI99: 경기 용인시 수지구 상현동 현대프레미오 101동 905호 | AJ99: 010-9032-2911 | AK99: momo3kim@in-soft.co.kr | AM99: (양)71.09.27 | AN99: 9.27
A100: 45 | B100: 130207 | C100: 개발 | D100: 박상완 | E100: 사원 | G100: 클라우드사업본부 | H100: 클라우드사업본부 | I100: 880118-1860411 | J100: 41330 | L100: 42031 | M100: 일반대 | N100: 가톨릭대학교 | O100: 정보통신전자공학 | Q100: 학사 | S100: 정보처리기사 | T100: 41236 | U100: SCJP | V100: 40311 | Y100: 초급 | AC100: 0 | AD100: =(TRUNC(AC100/12))&"년 "&(ROUNDDOWN(MOD(AC100,12),0))&"개월" -> 0년 0개월 | AE100: =(재직자!$AL$1-J100)/30 -> 159.46667 | AF100: =(TRUNC(AE100/12))&"년 "&(ROUNDDOWN(MOD(AE100,12),0))&"개월" -> 13년 3개월 | AG100: =+AC100+AE100 -> 159.46667 | AH100: =(TRUNC(AG100/12))&"년 "&(ROUNDDOWN(MOD(AG100,12),0))&"개월" -> 13년 3개월 | AI100: 서울시 구로구 오류2동 삼천리아파트 103동 203호 | AJ100: 010-2977-7656 | AK100: swpark@in-soft.co.kr | AM100: (양)88.01.18 | AN100: 1.18
...

Sheet 재직자
AK1: date. | AL1: =TODAY() -> 46114
A2: 구분 | B2: 사번 | C2: 구분 | D2: 이름 | F2: 직급 | G2: 과학기술인등록번호 | H2: 소속 | I2: 팀 | J2: 주민등록번호 | K2: 입사일 | L2: 최근승진 | M2: 퇴사일 | N2: 학력 | O2: 학교 | P2: 전공 | Q2: 지역 | R2: 학위 | S2: 학위취득일 | T2: 자격증1 | U2: 합격일 | V2: 자격증2 | W2: 합격일 | X2: 자격증3 | Y2: 합격일 | Z2: 경력기준등급 | AA2: 경력증 | AB2: 취득일 | AC2: 경력증기준등급 | AD2: 전직장 경력(개월) | AE2: 전직장경력년수 | AF2: 근속합계 | AG2: 근속년수 | AH2: 총경력합 | AI2: 총경력년수 | AJ2: 집주소 | AK2: 핸드폰 | AL2: e-mail | AM2: 내선번호 | AN2: 생일 | AO2: 2016년 생일 | AQ2: 가입 | AR2: 성희롱 | AS2: 괴롭힘 | AT2: 장애인
A3: 81 | B3: 220504 | C3: SE, TA | D3: 정구익 | E3: 1 | F3: 과장 | H3: MSP사업본부 | J3: 9001051262312 | K3: 44705 | N3: 대학원 | O3: 숭실대학교 | P3: 정보과학대학원 | Q3: 서울 | R3: 석사 | S3: 44057 | T3: 리눅스마스터2급 | U3: 42636 | V3: OCP 11g | W3: 2016.1 | AD3: 68 | AE3: =(TRUNC(AD3/12))&"년 "&(ROUNDDOWN(MOD(AD3,12),0))&"개월" -> 5년 8개월 | AF3: =($AL$1-K3)/30 -> 46.966667 | AG3: =(TRUNC(AF3/12))&"년 "&(ROUNDDOWN(MOD(AF3,12),0))&"개월" -> 3년 10개월 | AH3: =+AD3+AF3 -> 114.96667 | AI3: =(TRUNC(AH3/12))&"년 "&(ROUNDDOWN(MOD(AH3,12),0))&"개월" -> 9년 6개월 | AJ3: 서울특별시 강서구 화곡동 351-26(더원샵 503호) | AK3: 010-4755-3597 | AL3: gijeong@in-soft.co.kr | AN3: (양)90.01.05 | AQ3: 승인
A4: 115 | B4: 240601 | C4: 개발 | D4: 홍태호 | F4: 차장 | H4: AI사업부문 | I4: MSA Dev팀 | J4: 861208-1009010 | K4: 45446 | N4: 대학원 | O4: 서울시립대학원 | P4: 전기전자컴퓨터공학부 | Q4: 서울 | R4: 석사 | S4: 41327 | T4: 정보처리기사 | U4: 42132 | AC4: 특급 | AD4: 108 | AE4: =(TRUNC(AD4/12))&"년 "&(ROUNDDOWN(MOD(AD4,12),0))&"개월" -> 9년 0개월 | AF4: =(재직자!$AL$1-K4)/30 -> 22.266667 | AG4: =(TRUNC(AF4/12))&"년 "&(ROUNDDOWN(MOD(AF4,12),0))&"개월" -> 1년 10개월 | AH4: =+AD4+AF4 -> 130.26667 | AI4: =(TRUNC(AH4/12))&"년 "&(ROUNDDOWN(MOD(AH4,12),0))&"개월" -> 10년 10개월 | AJ4: 서울시 노원구 마들로1길 44 월계서광아파트 102동 605호 | AK4: 010-4028-1371 | AL4: thhong@in-soft.co.kr | AN4: (양)86.12.08 | AQ4: 승인
A5: 116 | B5: 240602 | C5: 개발 AA | D5: 강재영 | F5: 부장 | H5: AI사업부문 | I5: MSA Dev팀 | J5: 740518-1162812 | K5: 45447 | N5: 일반대 | O5: 건양대학교 | P5: 컴퓨터공학과 | Q5: 논산 | R5: 학사 | AD5: 200 | AE5: =(TRUNC(AD5/12))&"년 "&(ROUNDDOWN(MOD(AD5,12),0))&"개월" -> 16년 8개월 | AF5: =(재직자!$AL$1-K5)/30 -> 22.233333 | AG5: =(TRUNC(AF5/12))&"년 "&(ROUNDDOWN(MOD(AF5,12),0))&"개월" -> 1년 10개월 | AH5: =+AD5+AF5 -> 222.23333 | AI5: =(TRUNC(AH5/12))&"년 "&(ROUNDDOWN(MOD(AH5,12),0))&"개월" -> 18년 6개월 | AJ5: 경기도 수원시 영통구 태장로 71번길 19205동 102호 (동수원 자이2차) | AK5: 010–4510–7477 | AL5: jykang@in-soft.co.kr | AQ5: 승인
A6: 117 | B6: 240603 | C6: 개발-앱 | D6: 손상희 | F6: 부장 | H6: AI사업부문 | I6: MSA Dev팀 | J6: 781020-1920829 | K6: 45450 | N6: 전문대 | O6: 울산과학대학 | P6: 기계설계학부 | Q6: 울산 | R6: 전문 | S6: 37309 | AD6: 151.5 | AE6: =(TRUNC(AD6/12))&"년 "&(ROUNDDOWN(MOD(AD6,12),0))&"개월" -> 12년 7개월 | AF6: =(재직자!$AL$1-K6)/30 -> 22.133333 | AG6: =(TRUNC(AF6/12))&"년 "&(ROUNDDOWN(MOD(AF6,12),0))&"개월" -> 1년 10개월 | AH6: =+AD6+AF6 -> 173.63333 | AI6: =(TRUNC(AH6/12))&"년 "&(ROUNDDOWN(MOD(AH6,12),0))&"개월" -> 14년 5개월 | AJ6: 강서구 화곡동 1107-3 연우넥스트뷰 605 | AK6: 010-4669-1832 | AL6: shson@in-soft.co.kr | AN6: (양)78.02.07 | AQ6: 승인
A7: 118 | B7: 240703 | C7: EN | D7: 홍지환 | F7: 사원 | H7: AI사업부문 | I7: cloud Eng. | J7: 850922-1068611 | K7: 45476 | N7: 일반대 | O7: 국가평생교육진흥원 학점은행 | P7: 컴퓨터네트워크과 | Q7: 기타 | R7: 학사 | S7: 44228 | V7: SQLD | W7: 45261 | X7: 리눅스마스터2급 | Y7: 44105 | Z7: 네트워크관리사2급 | AA7: 43952 | AC7: 초급 | AD7: 38 | AE7: =(TRUNC(AD7/12))&"년 "&(ROUNDDOWN(MOD(AD7,12),0))&"개월" -> 3년 2개월 | AF7: =(재직자!$AL$1-K7)/30 -> 21.266667 | AG7: =(TRUNC(AF7/12))&"년 "&(ROUNDDOWN(MOD(AF7,12),0))&"개월" -> 1년 9개월 | AH7: =+AD7+AF7 -> 59.266667 | AI7: =(TRUNC(AH7/12))&"년 "&(ROUNDDOWN(MOD(AH7,12),0))&"개월" -> 4년 11개월 | AJ7: 경기도 하남시 감일백제로 35 1402동 2501호 | AK7: 010-8030-0307 | AL7: jhhong@in-soft.co.kr | AN7: (양)85.09.22 | AQ7: 승인
A8: 123 | B8: 241101 | C8: 개발 | D8: 최종민 | F8: 부장 | H8: AI사업부문 | I8: MSA Dev팀 | J8: 840502-1380810 | K8: 45614 | N8: 일반대 | O8: University of Sydney, Technology | P8: Computing | Q8: 시드니 | R8: 학사 | S8: 41671 | T8: 정보처리산업기사 | U8: 39314 | AC8: 고급 | AD8: 141 | AE8: =(TRUNC(AD8/12))&"년 "&(ROUNDDOWN(MOD(AD8,12),0))&"개월" -> 11년 9개월 | AF8: =(재직자!$AL$1-K8)/30 -> 16.666667 | AG8: =(TRUNC(AF8/12))&"년 "&(ROUNDDOWN(MOD(AF8,12),0))&"개월" -> 1년 4개월 | AH8: =+AD8+AF8 -> 157.66667 | AI8: =(TRUNC(AH8/12))&"년 "&(ROUNDDOWN(MOD(AH8,12),0))&"개월" -> 13년 1개월 | AJ8: 서울시 동대문구 홍릉로 8길 23 | AK8: 010-7700-6087 | AL8: jmchoi@in-soft.co.kr | AN8: (양)84.05.02 | AQ8: 승인
A9: 124 | B9: 241102 | C9: 개발 | D9: 박범진 | F9: 차장 | H9: AI사업부문 | I9: MSA Dev팀 | J9: 841227-1000000 | K9: 45614 | N9: 일반대 | O9: 한서대학교 | P9: 컴퓨터정보공학과 | Q9: 충남 | R9: 학사 | S9: 40232 | T9: 정보처리기사 | U9: 39965 | AC9: 특급 | AD9: 161 | AE9: =(TRUNC(AD9/12))&"년 "&(ROUNDDOWN(MOD(AD9,12),0))&"개월" -> 13년 5개월 | AF9: =(재직자!$AL$1-K9)/30 -> 16.666667 | AG9: =(TRUNC(AF9/12))&"년 "&(ROUNDDOWN(MOD(AF9,12),0))&"개월" -> 1년 4개월 | AH9: =+AD9+AF9 -> 177.66667 | AI9: =(TRUNC(AH9/12))&"년 "&(ROUNDDOWN(MOD(AH9,12),0))&"개월" -> 14년 9개월 | AJ9: 인천 미추홀구 주안1동 265-25 두울아파트 | AK9: 010-2854-6549 | AL9: bjpark@in-soft.co.kr | AN9: (양)84.12.27 | AQ9: 승인
A10: 125 | B10: 241103 | C10: 개발 | D10: 한영우 | F10: 부장 | H10: AI사업부문 | I10: MSA Dev팀 | J10: 760912-1029722 | K10: 45615 | N10: 일반대 | O10: 중앙대학교 | P10: 컴퓨터공학과 | Q10: 서울 | R10: 학사 | S10: 37653 | AC10: 특급 | AD10: 221.7 | AE10: =(TRUNC(AD10/12))&"년 "&(ROUNDDOWN(MOD(AD10,12),0))&"개월" -> 18년 5개월 | AF10: =(재직자!$AL$1-K10)/30 -> 16.633333 | AG10: =(TRUNC(AF10/12))&"년 "&(ROUNDDOWN(MOD(AF10,12),0))&"개월" -> 1년 4개월 | AH10: =+AD10+AF10 -> 238.33333 | AI10: =(TRUNC(AH10/12))&"년 "&(ROUNDDOWN(MOD(AH10,12),0))&"개월" -> 19년 10개월 | AJ10: 서울시 금천구 벚꽃로 40 금천롯데캐슬골드파크1차아파트 111-606 | AK10: 010-8918-1281 | AQ10: 승인
A11: 126 | C11: 개발 | D11: 최진우 | F11: 부장 | H11: AI사업부문 | AQ11: 승인
A12: 46 | B12: 200903 | C12: SE | D12: 이상목 | E12: 1 | F12: 차장 | H12: MSP사업본부 | J12: 810514-1163011 | K12: 44095 | N12: 일반대 | O12: 세종사이버대학교 | P12: 유비쿼터스컴퓨팅 | Q12: 서울 | R12: 학사 | S12: 40055 | AD12: 175 | AE12: =(TRUNC(AD12/12))&"년 "&(ROUNDDOWN(MOD(AD12,12),0))&"개월" -> 14년 7개월 | AF12: =($AL$1-K12)/30 -> 67.3 | AG12: =(TRUNC(AF12/12))&"년 "&(ROUNDDOWN(MOD(AF12,12),0))&"개월" -> 5년 7개월 | AH12: =+AD12+AF12 -> 242.3 | AI12: =(TRUNC(AH12/12))&"년 "&(ROUNDDOWN(MOD(AH12,12),0))&"개월" -> 20년 2개월 | AJ12: 서울시 도봉구 방학로11길33, 101동 409호 | AK12: 010-4177-4006 | AL12: lsm@in-soft.co.kr | AN12: (양)81.05.14 | AO12: 05.14 | AQ12: 승인
A13: 40 | B13: 200202 | C13: SE | D13: 강명완 | E13: 1 | F13: 부장 | H13: MSP사업본부 | J13: 800315-1018319 | K13: 43864 | L13: 44562 | N13: 전문대 | O13: 현대직업전문학교 | P13: 컴퓨터네트워크 | Q13: 서울 | R13: 전문 | S13: 36950 | V13: MCP | X13: CCNA | AD13: 175 | AE13: =(TRUNC(AD13/12))&"년 "&(ROUNDDOWN(MOD(AD13,12),0))&"개월" -> 14년 7개월 | AF13: =($AL$1-K13)/30 -> 75 | AG13: =(TRUNC(AF13/12))&"년 "&(ROUNDDOWN(MOD(AF13,12),0))&"개월" -> 6년 3개월 | AH13: =+AD13+AF13 -> 250 | AI13: =(TRUNC(AH13/12))&"년 "&(ROUNDDOWN(MOD(AH13,12),0))&"개월" -> 20년 10개월 | AJ13: 서울시 노원구 상계동 한글비석로 396 벽산아파트 107동 1406호 | AK13: 010-8587-4562 | AL13: mwkang@in-soft.co.kr | AN13: (양)80.03.15 | AO13: 03.15 | AQ13: 승인
A14: 52 | B14: 210203 | C14: SE | D14: 유재동 | E14: 1 | F14: 대리 | H14: MSP사업본부 | J14: 880923-1068916 | K14: 44228 | N14: 일반대 | O14: 관동대학교 | P14: 호텔조리 | Q14: 강원 | R14: 학사 | S14: 42782 | V14: 네트워크관리사2급 | W14: 43081 | AD14: 29 | AE14: =(TRUNC(AD14/12))&"년 "&(ROUNDDOWN(MOD(AD14,12),0))&"개월" -> 2년 5개월 | AF14: =($AL$1-K14)/30 -> 62.866667 | AG14: =(TRUNC(AF14/12))&"년 "&(ROUNDDOWN(MOD(AF14,12),0))&"개월" -> 5년 2개월 | AH14: =+AD14+AF14 -> 91.866667 | AI14: =(TRUNC(AH14/12))&"년 "&(ROUNDDOWN(MOD(AH14,12),0))&"개월" -> 7년 7개월 | AJ14: 경기도 성남시 중원구 광명로89 센트럴 푸르지오 시티 A동 1119호 | AK14: 010-5691-4456 | AL14: jdyoo@in-soft.co.kr | AN14: (양)88.09.23 | AO14: 09.23 | AQ14: 승인
A15: 57 | B15: 210507 | C15: SE | D15: 방지훈 | E15: 1 | F15: 차장 | H15: MSP사업본부 | J15: 821002-1075112 | K15: 44340 | N15: 일반대 | O15: 경동대학교 | P15: 컴퓨터공학 | Q15: 강원 | R15: 학사 | S15: 39858 | T15: 정보처리기능사 | U15: 36523 | AD15: 143 | AE15: =(TRUNC(AD15/12))&"년 "&(ROUNDDOWN(MOD(AD15,12),0))&"개월" -> 11년 11개월 | AF15: =($AL$1-K15)/30 -> 59.133333 | AG15: =(TRUNC(AF15/12))&"년 "&(ROUNDDOWN(MOD(AF15,12),0))&"개월" -> 4년 11개월 | AH15: =+AD15+AF15 -> 202.13333 | AI15: =(TRUNC(AH15/12))&"년 "&(ROUNDDOWN(MOD(AH15,12),0))&"개월" -> 16년 10개월 | AJ15: 서울시 성북구 종암로23길 35, 201동 101호 (종암동, 래미안세레니티) | AK15: 010-2642-0181 | AL15: jhbang@in-soft.co.kr | AN15: (양)82.10.02 | AO15: 10.02 | AQ15: 승인
A16: 96 | B16: 230107 | C16: EN | D16: 박성현 | E16: 1 | F16: 차장 | H16: MSP사업본부 | I16: CA팀 | J16: 820814-1536115 | K16: 44942 | N16: 일반대 | O16: 방송통신대학교 | P16: 컴퓨터과 | Q16: 서울 | R16: 학사 | S16: 43133 | T16: 네트워크관리사2급 | U16: 42899 | V16: Certified Kubernetes Administrator (CKA) | W16: 44926 | X16: AWS Certified Cloud Practitioner | Y16: 45164 | AD16: 161 | AE16: =(TRUNC(AD16/12))&"년 "&(ROUNDDOWN(MOD(AD16,12),0))&"개월" -> 13년 5개월 | AF16: =($AL$1-K16)/30 -> 39.066667 | AG16: =(TRUNC(AF16/12))&"년 "&(ROUNDDOWN(MOD(AF16,12),0))&"개월" -> 3년 3개월 | AH16: =+AD16+AF16 -> 200.06667 | AI16: =(TRUNC(AH16/12))&"년 "&(ROUNDDOWN(MOD(AH16,12),0))&"개월" -> 16년 8개월 | AJ16: 서울시 양천구 목동중앙본로2길 38-40 성재캐슬빌 301호 | AK16: 010-5442-9349 | AL16: shpark@in-soft.co.kr | AN16: (양)82.08.14 | AQ16: 승인
A17: 37 | B17: 200102 | C17: 본부장 | D17: 이태운 | E17: 2 | F17: 이사 | H17: MSP사업본부 | J17: 731223-1064029 | K17: 43843 | N17: 대학원 | O17: 서울과학종합대학원 | P17: 경영전문석사(MBA) | Q17: 서울 | R17: 석사 | S17: 42237 | T17: AWS Certified Advanced Networking-Specialty | U17: 44742 | AD17: 203 | AE17: =(TRUNC(AD17/12))&"년 "&(ROUNDDOWN(MOD(AD17,12),0))&"개월" -> 16년 11개월 | AF17: =(재직자!$AL$1-K17)/30 -> 75.7 | AG17: =(TRUNC(AF17/12))&"년 "&(ROUNDDOWN(MOD(AF17,12),0))&"개월" -> 6년 3개월 | AH17: =+AD17+AF17 -> 278.7 | AI17: =(TRUNC(AH17/12))&"년 "&(ROUNDDOWN(MOD(AH17,12),0))&"개월" -> 23년 2개월 | AJ17: 서울시 강서구 방화동 876, 방화2차 마곡우림필유아파트 103동 1004호 | AK17: 010-7132-6361 | AL17: twlee@in-soft.co.kr | AN17: (양)73.12.23 | AO17: 12.23 | AQ17: 승인
A18: 48 | B18: 201202 | C18: SE | D18: 문효진 | E18: 2 | F18: 사원 | H18: MSP사업본부 | J18: 910818-2064114 | K18: 44186 | N18: 일반대 | O18: 한국방송통신대학교 | P18: 경영학과 | Q18: 서울 | R18: 학사 | S18: 졸업예정 | T18: Naver Cloud Platform Certified Associate | U18: 44321 | V18: AWS Certified Solutions Architect - Professional | W18: 44263 | X18: 리눅스마스터 | Y18: 44127 | AD18: 0 | AE18: =(TRUNC(AD18/12))&"년 "&(ROUNDDOWN(MOD(AD18,12),0))&"개월" -> 0년 0개월 | AF18: =($AL$1-K18)/30 -> 64.266667 | AG18: =(TRUNC(AF18/12))&"년 "&(ROUNDDOWN(MOD(AF18,12),0))&"개월" -> 5년 4개월 | AH18: =+AD18+AF18 -> 64.266667 | AI18: =(TRUNC(AH18/12))&"년 "&(ROUNDDOWN(MOD(AH18,12),0))&"개월" -> 5년 4개월 | AJ18: 서울시 강서구 강서로56나길 110, 106동 1201호 | AK18: 010-7387-1587 | AL18: hjmoon@in-soft.co.kr | AN18: (양)91.08.18 | AO18: 08.18 | AQ18: 승인
A19: 87 | B19: 221001 | C19: EN | D19: 이항원 | E19: 2 | F19: 차장 | H19: MSP사업본부 | J19: 831118-1032528 | K19: 44838 | N19: 전문대 | O19: 두원공과대학 | P19: 경영학과 | Q19: 경기 | R19: 전문 | S19: 39492 | AD19: 157 | AE19: =(TRUNC(AD19/12))&"년 "&(ROUNDDOWN(MOD(AD19,12),0))&"개월" -> 13년 1개월 | AF19: =($AL$1-K19)/30 -> 42.533333 | AG19: =(TRUNC(AF19/12))&"년 "&(ROUNDDOWN(MOD(AF19,12),0))&"개월" -> 3년 6개월 | AH19: =+AD19+AF19 -> 199.53333 | AI19: =(TRUNC(AH19/12))&"년 "&(ROUNDDOWN(MOD(AH19,12),0))&"개월" -> 16년 7개월 | AJ19: 서울시 노원구 월계동 392-33번지 이레리치빌 401호 | AK19: 010-9228-2631 | AL19: hwlee@in-soft.co.kr | AN19: (양)83.11.18 | AQ19: 승인
A20: 103 | B20: 230601 | C20: DBA | D20: 조선희 | E20: 2 | F20: 차장 | H20: MSP사업본부 | I20: MOC팀 | J20: 810324-1051714 | K20: 45096 | N20: 전문대 | O20: 부천대학교 | P20: e-business | Q20: 부천 | R20: 전문학사 | S20: 38768 | T20: sql개발자 | U20: 42927 | AC20: 고급 | AD20: 167 | AE20: =(TRUNC(AD20/12))&"년 "&(ROUNDDOWN(MOD(AD20,12),0))&"개월" -> 13년 11개월 | AF20: =($AL$1-K20)/30 -> 33.933333 | AG20: =(TRUNC(AF20/12))&"년 "&(ROUNDDOWN(MOD(AF20,12),0))&"개월" -> 2년 9개월 | AH20: =+AD20+AF20 -> 200.93333 | AI20: =(TRUNC(AH20/12))&"년 "&(ROUNDDOWN(MOD(AH20,12),0))&"개월" -> 16년 8개월 | AJ20: 경기도 용인시 기흥구 동백죽전대로527번길 67 신동백롯데캐슬 에코2단지 206동1102호 | AK20: 010-4223-3600 | AL20: shcho@in-soft.co.kr | AN20: (음)81.02.19 | AQ20: 승인
A21: 109 | B21: 230803 | C21: EN | D21: 전병찬 | E21: 2 | F21: 대리 | H21: MSP사업본부 | I21: MOC팀 | J21: 970729-1029314 | K21: 45159 | N21: 고졸 | O21: 송현고등학교 | Q21: 경기 | R21: 고졸 | S21: 42401 | T21: 리눅스마스터2급 | U21: 44288 | V21: 네트워크관리사2급 | W21: 43893 | AD21: 37.9 | AE21: =(TRUNC(AD21/12))&"년 "&(ROUNDDOWN(MOD(AD21,12),0))&"개월" -> 3년 1개월 | AF21: =($AL$1-K21)/30 -> 31.833333 | AG21: =(TRUNC(AF21/12))&"년 "&(ROUNDDOWN(MOD(AF21,12),0))&"개월" -> 2년 7개월 | AH21: =+AD21+AF21 -> 69.733333 | AI21: =(TRUNC(AH21/12))&"년 "&(ROUNDDOWN(MOD(AH21,12),0))&"개월" -> 5년 9개월 | AJ21: 경기도 구리시 수택천로25번길 4 우건빌리지 101동 502호 | AK21: 010-4221-1045 | AL21: bcjeon@in-soft.co.kr | AN21: (양)97.07.29 | AQ21: 승인
A22: 107 | B22: 230704 | C22: EN | D22: 박도윤 | F22: 사원 | H22: MSP사업본부 | I22: moc팀 | J22: 941220-2063919 | K22: 45131 | N22: 일반대 | O22: 동국대학 | P22: 가정교육과 | Q22: 경북 | R22: 학사 | S22: 42767 | T22: Microsoft Certified: Azure Fundamentals | U22: 45118 | V22: CCNA (Cisco Certification Network Associate) | W22: 44039 | X22: 네트워크관리사2급 | Y22: 43956 | AD22: 23 | AE22: =(TRUNC(AD22/12))&"년 "&(ROUNDDOWN(MOD(AD22,12),0))&"개월" -> 1년 11개월 | AF22: =($AL$1-K22)/30 -> 32.766667 | AG22: =(TRUNC(AF22/12))&"년 "&(ROUNDDOWN(MOD(AF22,12),0))&"개월" -> 2년 8개월 | AH22: =+AD22+AF22 -> 55.766667 | AI22: =(TRUNC(AH22/12))&"년 "&(ROUNDDOWN(MOD(AH22,12),0))&"개월" -> 4년 7개월 | AJ22: 서울시 강서구 가로공원로 200-26,202호 | AK22: 010-3563-4330 | AL22: dypark@in-soft.co.kr | AN22: (양)94.12.20 | AQ22: 승인
A23: 104 | B23: 230701 | C23: 본부장 | D23: 이승용 | E23: 1 | F23: 전무 | H23: PMO및사업관리본부 | J23: 630521-1455313 | K23: 45110 | N23: 대학원 | O23: 세종대학원 | P23: 정보통신학 | R23: 석사 | S23: 37491 | T23: 정보처리기사 | U23: 34072 | V23: CCNA | W23: 41523 | AD23: 455 | AE23: =(TRUNC(AD23/12))&"년 "&(ROUNDDOWN(MOD(AD23,12),0))&"개월" -> 37년 11개월 | AF23: =($AL$1-K23)/30 -> 33.466667 | AG23: =(TRUNC(AF23/12))&"년 "&(ROUNDDOWN(MOD(AF23,12),0))&"개월" -> 2년 9개월 | AH23: =+AD23+AF23 -> 488.46667 | AI23: =(TRUNC(AH23/12))&"년 "&(ROUNDDOWN(MOD(AH23,12),0))&"개월" -> 40년 8개월 | AJ23: 경기도 성남시 분당구 판교원로 81번길 | AK23: 010-3710-9757 | AL23: srlee05@in-soft.co.kr | AN23: (양)63.05.21 | AQ23: 승인
A24: 108 | B24: 230802 | C24: PM | D24: 김민우 | E24: 1 | F24: 이사 | H24: PMO및사업관리본부 | I24: 사업지원팀 | J24: 700315-1155111 | K24: 45159 | N24: 전문대 | O24: 인천전문대학교 | P24: 전자계산 | Q24: 인천 | R24: 전문학사 | S24: 34366 | T24: 정보처리산업기사 | U24: 34274 | V24: CISA | W24: 39330 | AD24: 348 | AE24: =(TRUNC(AD24/12))&"년 "&(ROUNDDOWN(MOD(AD24,12),0))&"개월" -> 29년 0개월 | AF24: =($AL$1-K24)/30 -> 31.833333 | AG24: =(TRUNC(AF24/12))&"년 "&(ROUNDDOWN(MOD(AF24,12),0))&"개월" -> 2년 7개월 | AH24: =+AD24+AF24 -> 379.83333 | AI24: =(TRUNC(AH24/12))&"년 "&(ROUNDDOWN(MOD(AH24,12),0))&"개월" -> 31년 7개월 | AJ24: 서울특별시 구로구 개봉로3길 87 104동 103호(개봉동, 개봉한진아파트) | AK24: 010-6334-2872 | AL24: mwkim@in-soft.co.kr | AN24: (양)70.03.15
A25: 105 | B25: 230702 | C25: pm,기획 | D25: 이문수 | F25: 이사 | H25: PMO및사업관리본부 | J25: 730820-1036713 | K25: 45118 | N25: 일반대 | O25: 한국방송통신대학교 | P25: 경영학과 | Q25: 서울 | R25: 학사 | S25: 41689 | T25: 정보처리기능사 | U25: 36325 | V25: 정보기기운용기능사 | W25: 36381 | AD25: 254 | AE25: =(TRUNC(AD25/12))&"년 "&(ROUNDDOWN(MOD(AD25,12),0))&"개월" -> 21년 2개월 | AF25: =($AL$1-K25)/30 -> 33.2 | AG25: =(TRUNC(AF25/12))&"년 "&(ROUNDDOWN(MOD(AF25,12),0))&"개월" -> 2년 9개월 | AH25: =+AD25+AF25 -> 287.2 | AI25: =(TRUNC(AH25/12))&"년 "&(ROUNDDOWN(MOD(AH25,12),0))&"개월" -> 23년 11개월 | AJ25: 서울시 금천구 가산디지철2로 160-37, B동 1211gh(가산동) | AK25: 010-3038-8912 | AL25: mslee@in-soft.co.kr | AN25: (양)73.08.20 | AQ25: 승인
A26: 97 | B26: 230202 | C26: PM | D26: 손수유 | E26: 1 | F26: 부장 | H26: PMO및사업관리본부 | J26: 730308-1023123 | K26: 44958 | N26: 일반대 | O26: 서경대학교 | P26: 컴퓨터과학 | Q26: 서울 | R26: 학사 | S26: 36210 | T26: 정보처리기사 | U26: 36081 | AD26: 267 | AE26: =(TRUNC(AD26/12))&"년 "&(ROUNDDOWN(MOD(AD26,12),0))&"개월" -> 22년 3개월 | AF26: =($AL$1-K26)/30 -> 38.533333 | AG26: =(TRUNC(AF26/12))&"년 "&(ROUNDDOWN(MOD(AF26,12),0))&"개월" -> 3년 2개월 | AH26: =+AD26+AF26 -> 305.53333 | AI26: =(TRUNC(AH26/12))&"년 "&(ROUNDDOWN(MOD(AH26,12),0))&"개월" -> 25년 5개월 | AJ26: 서울시 종로구 동망산길 120, 301호 (숭인동, 할리우드파크아파트) | AK26: 010-5037-5111 | AL26: syson@in-soft.co.kr | AN26: (양)73.03.08 | AQ26: 승인
A27: 43 | B27: 200501 | C27: 비개발 | D27: 권보람 | E27: 1 | F27: 대리 | H27: 경영지원본부 | I27: NIA사업팀 | J27: 890111-2794417 | K27: 43958 | L27: 44228 | N27: 일반대 | O27: 계명대학교 | P27: 스페인어중남미학 | Q27: 대구 | R27: 학사 | S27: 40955 | AD27: 29 | AE27: =(TRUNC(AD27/12))&"년 "&(ROUNDDOWN(MOD(AD27,12),0))&"개월" -> 2년 5개월 | AF27: =($AL$1-K27)/30 -> 71.866667 | AG27: =(TRUNC(AF27/12))&"년 "&(ROUNDDOWN(MOD(AF27,12),0))&"개월" -> 5년 11개월 | AH27: =+AD27+AF27 -> 100.86667 | AI27: =(TRUNC(AH27/12))&"년 "&(ROUNDDOWN(MOD(AH27,12),0))&"개월" -> 8년 4개월 | AJ27: 대구시 수성구 명덕로76길 111-4 | AK27: 010-3793-2706 | AL27: brkwon@in-soft.co.kr | AN27: (양)89.01.11 | AO27: 01.11 | AQ27: 승인
A28: 49 | B28: 210103 | C28: 비개발 | D28: 김주영 | E28: 1 | F28: 차장 | G28: 1181 0219 | H28: 경영지원본부 | I28: NIA사업팀 | J28: 760117-2683219 | K28: 44221 | N28: 전문대 | O28: 영진전문대학 | P28: 산업디자인 | Q28: 대구 | R28: 전문 | S28: 38037 | AD28: 234 | AE28: =(TRUNC(AD28/12))&"년 "&(ROUNDDOWN(MOD(AD28,12),0))&"개월" -> 19년 6개월 | AF28: =($AL$1-K28)/30 -> 63.1 | AG28: =(TRUNC(AF28/12))&"년 "&(ROUNDDOWN(MOD(AF28,12),0))&"개월" -> 5년 3개월 | AH28: =+AD28+AF28 -> 297.1 | AI28: =(TRUNC(AH28/12))&"년 "&(ROUNDDOWN(MOD(AH28,12),0))&"개월" -> 24년 9개월 | AJ28: 경북 경산시 경안로69길 12 104동 1406호 (대평동, 대평그린빌) | AK28: 010-3827-1481 | AL28: jykim@in-soft.co.kr | AN28: (양)76.01.17 | AO28: 01.17 | AQ28: 승인
A29: 64 | B29: 211002 | C29: 비개발 | D29: 김재학 | E29: 1 | F29: 이사 | H29: 경영지원본부 | I29: 경영지원팀 | J29: 680125-1094513 | K29: 44496 | N29: 고졸 | O29: 대동고등학교 | P29: 인문계 | Q29: 부산 | R29: 고졸 | S29: 31836 | AD29: 200 | AE29: =(TRUNC(AD29/12))&"년 "&(ROUNDDOWN(MOD(AD29,12),0))&"개월" -> 16년 8개월 | AF29: =($AL$1-K29)/30 -> 53.933333 | AG29: =(TRUNC(AF29/12))&"년 "&(ROUNDDOWN(MOD(AF29,12),0))&"개월" -> 4년 5개월 | AH29: =+AD29+AF29 -> 253.93333 | AI29: =(TRUNC(AH29/12))&"년 "&(ROUNDDOWN(MOD(AH29,12),0))&"개월" -> 21년 1개월 | AJ29: 서울시 금천구 가산동 148-21 301호 | AK29: 010-2570-1106 | AL29: jaehak@in-soft.co.kr | AN29: (음)68.01.25 | AO29: 01.25 | AQ29: 승인
A30: 19 | B30: 140702 | C30: PM | D30: 최성현 | E30: 2 | F30: 부장 | G30: 1139 0323 | H30: 경영지원본부 | I30: NIA사업팀 | J30: 760504-1388213 | K30: 41821 | L30: 43891 | N30: 전문대 | O30: 공주영상정보대학 | P30: 경영학 | Q30: 충남 | R30: 전문 | S30: 35472 | Z30: 고급 | AD30: 147 | AE30: =(TRUNC(AD30/12))&"년 "&(ROUNDDOWN(MOD(AD30,12),0))&"개월" -> 12년 3개월 | AF30: =($AL$1-K30)/30 -> 143.1 | AG30: =(TRUNC(AF30/12))&"년 "&(ROUNDDOWN(MOD(AF30,12),0))&"개월" -> 11년 11개월 | AH30: =+AD30+AF30 -> 290.1 | AI30: =(TRUNC(AH30/12))&"년 "&(ROUNDDOWN(MOD(AH30,12),0))&"개월" -> 24년 2개월 | AJ30: 경기도 용인시 수지구 광교마을로 90 4109동 1707호 | AK30: 010-4507-1922 | AL30: shchoi@in-soft.co.kr | AN30: (양)76.05.04 | AO30: 5.04 | AQ30: 승인
A31: 42 | B31: 200301 | C31: 개발 | D31: 최준영 | E31: 2 | F31: 대리 | H31: 경영지원본부 | I31: NIA사업팀 | J31: 900309-1692715 | K31: 43892 | L31: 44228 | N31: 전문대 | O31: 영진전문대학 | P31: 컴퓨터정보 | Q31: 대구 | R31: 전문 | S31: 42776 | AD31: 30 | AE31: =(TRUNC(AD31/12))&"년 "&(ROUNDDOWN(MOD(AD31,12),0))&"개월" -> 2년 6개월 | AF31: =($AL$1-K31)/30 -> 74.066667 | AG31: =(TRUNC(AF31/12))&"년 "&(ROUNDDOWN(MOD(AF31,12),0))&"개월" -> 6년 2개월 | AH31: =+AD31+AF31 -> 104.06667 | AI31: =(TRUNC(AH31/12))&"년 "&(ROUNDDOWN(MOD(AH31,12),0))&"개월" -> 8년 8개월 | AJ31: 대구시 달서구 송현2동 530-9번지 | AK31: 010-6700-1051 | AL31: jychoi@in-soft.co.kr | AN31: (양)90.03.09 | AO31: 03.09 | AQ31: 승인
A32: 51 | B32: 210201 | C32: SE | D32: 심용민 | E32: 2 | F32: 과장 | H32: 경영지원본부 | I32: NIA사업팀 | J32: 891009-1673617 | K32: 44228 | L32: 44562 | N32: 일반대 | O32: 국가평생교육진흥원 | P32: 검퓨터공학 | Q32: 대구 | R32: 학사 | S32: 43153 | T32: 정보처리산업기사 | U32: 42132 | AD32: 74 | AE32: =(TRUNC(AD32/12))&"년 "&(ROUNDDOWN(MOD(AD32,12),0))&"개월" -> 6년 2개월 | AF32: =($AL$1-K32)/30 -> 62.866667 | AG32: =(TRUNC(AF32/12))&"년 "&(ROUNDDOWN(MOD(AF32,12),0))&"개월" -> 5년 2개월 | AH32: =+AD32+AF32 -> 136.86667 | AI32: =(TRUNC(AH32/12))&"년 "&(ROUNDDOWN(MOD(AH32,12),0))&"개월" -> 11년 4개월 | AJ32: 대구시 동구 아양로 11길 81-34 진주빌라 501 | AK32: 010-4512-9329 | AL32: ymshim@in-soft.co.kr | AN32: (양)89.10.09 | AO32: 10.09 | AQ32: 승인
A33: 62 | B33: 210801 | C33: 비개발 | D33: 김동환 | E33: 2 | F33: 과장 | H33: 경영지원본부 | I33: 경영지원팀 | J33: 830401-1067513 | K33: 44410 | N33: 일반대 | O33: 수원대학교 | P33: 호텔관광경영 | Q33: 경기 | R33: 학사 | S33: 40410 | AD33: 99 | AE33: =(TRUNC(AD33/12))&"년 "&(ROUNDDOWN(MOD(AD33,12),0))&"개월" -> 8년 3개월 | AF33: =($AL$1-K33)/30 -> 56.8 | AG33: =(TRUNC(AF33/12))&"년 "&(ROUNDDOWN(MOD(AF33,12),0))&"개월" -> 4년 8개월 | AH33: =+AD33+AF33 -> 155.8 | AI33: =(TRUNC(AH33/12))&"년 "&(ROUNDDOWN(MOD(AH33,12),0))&"개월" -> 12년 11개월 | AJ33: 서울시 관악구 신림동 1441-6, 3층 | AK33: 010-8910-2220 | AL33: dhk@in-soft.co.kr | AN33: (양)83.04.01 | AO33: 04.01 | AQ33: 승인
A34: 75 | B34: 220302 | C34: 개발 | D34: 김건우 | E34: 2 | F34: 사원 | H34: 경영지원본부 | I34: NIA사업팀 | J34: 930524-1779011 | K34: 44627 | N34: 일반대 | O34: 대구대학교 | P34: 건축공학 | Q34: 대구 | R34: 학사 | S34: 43518 | AD34: 0 | AE34: =(TRUNC(AD34/12))&"년 "&(ROUNDDOWN(MOD(AD34,12),0))&"개월" -> 0년 0개월 | AF34: =($AL$1-K34)/30 -> 49.566667 | AG34: =(TRUNC(AF34/12))&"년 "&(ROUNDDOWN(MOD(AF34,12),0))&"개월" -> 4년 1개월 | AH34: =+AD34+AF34 -> 49.566667 | AI34: =(TRUNC(AH34/12))&"년 "&(ROUNDDOWN(MOD(AH34,12),0))&"개월" -> 4년 1개월 | AJ34: 대구시 서구 국채보상로 316, (평리동, 평리롯데캐슬) | AK34: 010-5150-4642 | AL34: gwkim@in-soft.co.kr | AN34: (양)93.05.24 | AO34: 05.24 | AQ34: 승인
A35: 85 | B35: 220905 | C35: 비개발 | D35: 추연경 | E35: 2 | F35: 대리 | H35: 경영지원본부 | I35: NIA사업팀 | J35: 871010-2697014 | K35: 44817 | N35: 전문대 | O35: 영진 전문대 | P35: 디지털경영 | Q35: 대구 | R35: 전문 | AD35: 95 | AE35: =(TRUNC(AD35/12))&"년 "&(ROUNDDOWN(MOD(AD35,12),0))&"개월" -> 7년 11개월 | AF35: =($AL$1-K35)/30 -> 43.233333 | AG35: =(TRUNC(AF35/12))&"년 "&(ROUNDDOWN(MOD(AF35,12),0))&"개월" -> 3년 7개월 | AH35: =+AD35+AF35 -> 138.23333 | AI35: =(TRUNC(AH35/12))&"년 "&(ROUNDDOWN(MOD(AH35,12),0))&"개월" -> 11년 6개월 | AJ35: 대구 동구 동화천로 77길 30, 312동 703호 | AK35: 010-4807-0665 | AL35: ykchu@in-soft.co.kr | AN35: (양)87.10.10 | AQ35: 승인
A36: 113 | B36: 240401 | C36: 개발 | D36: 장윤경 | E36: 2 | F36: 사원 | H36: 경영지원본부 | I36: NIA사업팀 | J36: 960726-2686120 | K36: 45383 | N36: 전문대 | O36: 계명문화대학교 | P36: 뷰티코디네이션과 | Q36: 대구 | R36: 전문학사 | S36: 42776 | T36: 웹디자인기능사 | U36: 44812 | AD36: 0 | AE36: =(TRUNC(AD36/12))&"년 "&(ROUNDDOWN(MOD(AD36,12),0))&"개월" -> 0년 0개월 | AF36: =(재직자!$AL$1-K36)/30 -> 24.366667 | AG36: =(TRUNC(AF36/12))&"년 "&(ROUNDDOWN(MOD(AF36,12),0))&"개월" -> 2년 0개월 | AH36: =+AD36+AF36 -> 24.366667 | AI36: =(TRUNC(AH36/12))&"년 "&(ROUNDDOWN(MOD(AH36,12),0))&"개월" -> 2년 0개월 | AJ36: 대구 남구 대명복개로192 세신아파트 가동 206호 | AK36: 010-4907-6646 | AL36: ygjang@in-soft.co.kr | AN36: (양)96.07.26 | AQ36: 승인
A37: 95 | B37: 230103 | C37: 기타 | D37: 박수민 | E37: 2 | F37: 대리 | H37: 경영지원본부 | I37: NIA사업팀 | J37: 930503-2632218 | K37: 44928 | N37: 일반대 | O37: 동국대학교(경주) | P37: 관광레저경영 | Q37: 경북 | R37: 학사 | AD37: 66 | AE37: =(TRUNC(AD37/12))&"년 "&(ROUNDDOWN(MOD(AD37,12),0))&"개월" -> 5년 6개월 | AF37: =($AL$1-K37)/30 -> 39.533333 | AG37: =(TRUNC(AF37/12))&"년 "&(ROUNDDOWN(MOD(AF37,12),0))&"개월" -> 3년 3개월 | AH37: =+AD37+AF37 -> 105.53333 | AI37: =(TRUNC(AH37/12))&"년 "&(ROUNDDOWN(MOD(AH37,12),0))&"개월" -> 8년 9개월 | AJ37: 대구광역시 동구 메디밸리로 18 1003동 1104호 | AK37: 010-8010-4032 | AL37: sm050365@gmail.com | AN37: (양)93.05.03 | AQ37: 승인
A38: 102 | B38: 230304 | C38: 웹퍼블리셔 | D38: 성수진 | E38: 2 | F38: 대리 | H38: 경영지원본부 | I38: NIA 사업팀 | J38: 921106-2692611 | K38: 45012 | N38: 전문대 | O38: 계명문화대학교 | P38: 광고디자인과 | Q38: 대구 | R38: 전문학사 | S38: 41683 | T38: 정보처리기능사 | U38: 38567 | V38: 웹디자인기능사 | W38: 43007 | X38: GTQ포토샵1급 | Y38: 42867 | AD38: 84 | AE38: =(TRUNC(AD38/12))&"년 "&(ROUNDDOWN(MOD(AD38,12),0))&"개월" -> 7년 0개월 | AF38: =($AL$1-K38)/30 -> 36.733333 | AG38: =(TRUNC(AF38/12))&"년 "&(ROUNDDOWN(MOD(AF38,12),0))&"개월" -> 3년 0개월 | AH38: =+AD38+AF38 -> 120.73333 | AI38: =(TRUNC(AH38/12))&"년 "&(ROUNDDOWN(MOD(AH38,12),0))&"개월" -> 10년 0개월 | AJ38: 대구광역시 달서구 중흥로13길 30-8, A동 202호 | AK38: 010-9359-2975 | AL38: sjseong@in-soft.co.kr | AN38: (양)92.11.06 | AQ38: 승인
A39: 56 | B39: 210504 | C39: 비개발 | D39: 조호지 | E39: 2 | F39: 대리 | H39: 경영지원본부 | I39: NIA사업팀 | J39: 860116-2109324 | K39: 44329 | N39: 전문대 | O39: 계명문화대학 | P39: 멀티미디어 | Q39: 대구 | R39: 전문 | S39: 39122 | AE39: =(TRUNC(AD39/12))&"년 "&(ROUNDDOWN(MOD(AD39,12),0))&"개월" -> 0년 0개월 | AF39: =($AL$1-K39)/30 -> 59.5 | AG39: =(TRUNC(AF39/12))&"년 "&(ROUNDDOWN(MOD(AF39,12),0))&"개월" -> 4년 11개월 | AH39: =+AD39+AF39 -> 59.5 | AI39: =(TRUNC(AH39/12))&"년 "&(ROUNDDOWN(MOD(AH39,12),0))&"개월" -> 4년 11개월 | AJ39: 대구시 달서구 장기로 88 | AK39: 010-8235-1989 | AL39: hjjo@in-soft.co.kr | AN39: (양)86.01.16 | AO39: 01.16 | AQ39: 승인
A40: 112 | B40: 240402 | C40: 비개발 | D40: 김성희 | E40: 2 | F40: 사원 | H40: 경영지원본부 | I40: NIA사업팀 | J40: 891212-2673716 | K40: 45384 | N40: 일반대 | O40: 영남대학교 | P40: 서양화과 | Q40: 경북 경산 | R40: 학사 | S40: 40961 | AD40: 30.53 | AE40: =(TRUNC(AD40/12))&"년 "&(ROUNDDOWN(MOD(AD40,12),0))&"개월" -> 2년 6개월 | AF40: =(재직자!$AL$1-K40)/30 -> 24.333333 | AG40: =(TRUNC(AF40/12))&"년 "&(ROUNDDOWN(MOD(AF40,12),0))&"개월" -> 2년 0개월 | AH40: =+AD40+AF40 -> 54.863333 | AI40: =(TRUNC(AH40/12))&"년 "&(ROUNDDOWN(MOD(AH40,12),0))&"개월" -> 4년 6개월 | AJ40: 대구시 수성구 노변로 11 (노변대백맨션 103동 805호) | AK40: 010-5877-4077 | AL40: shkim@in-soft.co.kr | AN40: (양)89.12.12 | AQ40: 승인
A41: 73 | B41: 220203 | C41: 비개발 | D41: 오수경 | F41: 대리 | H41: 경영지원본부 | I41: 경영지원팀 | J41: 901029-2066112 | K41: 44595 | N41: 전문대 | O41: 명지전문대학 | P41: 세무회계 | Q41: 서울 | R41: 전문 | V41: 전산세무2급 | W41: 40353 | X41: 전산회계2급 | Y41: 39009 | AD41: 102 | AE41: =(TRUNC(AD41/12))&"년 "&(ROUNDDOWN(MOD(AD41,12),0))&"개월" -> 8년 6개월 | AF41: =($AL$1-K41)/30 -> 50.633333 | AG41: =(TRUNC(AF41/12))&"년 "&(ROUNDDOWN(MOD(AF41,12),0))&"개월" -> 4년 2개월 | AH41: =+AD41+AF41 -> 152.63333 | AI41: =(TRUNC(AH41/12))&"년 "&(ROUNDDOWN(MOD(AH41,12),0))&"개월" -> 12년 8개월 | AJ41: 서울시 강서구 곰달래로45길 15, B101호 (화곡동) | AK41: 010-4719-1617 | AL41: sgoh@in-soft.co.kr | AN41: (양)90.10.29 | AO41: 10.29 | AQ41: 승인
A42: 114 | B42: 240302 | C42: 비개발 | D42: 박주은 | F42: 사원 | H42: 경영지원본부 | I42: NIA사업팀 | J42: 990403-2836913 | K42: 45379 | N42: 일반대 | O42: 부경대학교 | P42: 기계공학과 | Q42: 부산 | R42: 학사 | AD42: 0 | AE42: =(TRUNC(AD42/12))&"년 "&(ROUNDDOWN(MOD(AD42,12),0))&"개월" -> 0년 0개월 | AF42: =(재직자!$AL$1-K42)/30 -> 24.5 | AG42: =(TRUNC(AF42/12))&"년 "&(ROUNDDOWN(MOD(AF42,12),0))&"개월" -> 2년 0개월 | AH42: =+AD42+AF42 -> 24.5 | AI42: =(TRUNC(AH42/12))&"년 "&(ROUNDDOWN(MOD(AH42,12),0))&"개월" -> 2년 0개월 | AJ42: 경북 경산시 하양읍 대경로 693-11 201호 | AK42: 010-4279-7715 | AL42: jepark@in-soft.co.kr | AN42: (양)99.04.03 | AQ42: 승인
A43: 4 | B43: 081003 | C43: 비개발 | D43: 김지훈 | E43: 2 | F43: 이사 | G43: 1122 7349 | H43: 경영지원본부 | I43: 경영지원팀 | J43: 730623-1471215 | K43: 39722 | L43: 42826 | N43: 일반대 | O43: 군산대학교 | P43: 경영학 | R43: 학사 | T43: 정보처리기사 | AD43: 132 | AE43: =(TRUNC(AD43/12))&"년 "&(ROUNDDOWN(MOD(AD43,12),0))&"개월" -> 11년 0개월 | AF43: =($AL$1-K43)/30 -> 213.06667 | AG43: =(TRUNC(AF43/12))&"년 "&(ROUNDDOWN(MOD(AF43,12),0))&"개월" -> 17년 9개월 | AH43: =+AD43+AF43 -> 345.06667 | AI43: =(TRUNC(AH43/12))&"년 "&(ROUNDDOWN(MOD(AH43,12),0))&"개월" -> 28년 9개월 | AJ43: 인천시 미추홀구 경원대로864번길 114, 205동 2601호 (주안동, 주안더월드스테이트) | AK43: 010-2397-8122 | AL43: kjh@in-soft.co.kr | AM43: 2602 | AN43: (음)73.01.06 | AO43: 2.13 | AQ43: 승인
A44: 1 | B44: 020901 | C44: 비개발 | D44: 황광익 | F44: 사장 | G44: 1122 7932 | H44: 사장실 | J44: 670607-1471318 | N44: 일반대 | O44: 성균관대학교 | R44: 학사 | AE44: =(TRUNC(AD44/12))&"년 "&(ROUNDDOWN(MOD(AD44,12),0))&"개월" -> 0년 0개월 | AJ44: 서울시 양천구 목동동로 180, 101동 603호 (신정동, 신정동아이파크) | AK44: 010-5305-2851 | AL44: hpkihwang@in-soft.co.kr | AM44: 2600 | AN44: (음)67.03.11 | AO44: 4.29 | AQ44: 승인
A45: 6 | B45: 100901 | C45: 개발 | D45: 천승무 | E45: 1 | F45: 부장 | G45: 1135 7977 | H45: 서비스사업본부 | I45: MSA Dev | J45: 720424-1850513 | K45: 40434 | L45: 44228 | N45: 일반대 | O45: 세명대학교 | P45: 정보처리 | R45: 학사 | S45: 36578 | T45: 정보처리기사2급 | U45: 35947 | Z45: 특급 | AA45: 유 | AB45: 40977 | AC45: 특급 | AD45: 132 | AE45: =(TRUNC(AD45/12))&"년 "&(ROUNDDOWN(MOD(AD45,12),0))&"개월" -> 11년 0개월 | AF45: =(재직자!$AL$1-K45)/30 -> 189.33333 | AG45: =(TRUNC(AF45/12))&"년 "&(ROUNDDOWN(MOD(AF45,12),0))&"개월" -> 15년 9개월 | AH45: =+AD45+AF45 -> 321.33333 | AI45: =(TRUNC(AH45/12))&"년 "&(ROUNDDOWN(MOD(AH45,12),0))&"개월" -> 26년 9개월 | AJ45: 서울 영등포구 대방천로 180, 204동 1210호 (신길동, 우성2차아파트) | AK45: 010-6662-1998 | AL45: smcheon@in-soft.co.kr | AM45: 2624 | AN45: (음)72.03.11 | AO45: 4.17 | AQ45: 승인
A46: 11 | B46: 111205 | C46: 개발 | D46: 이하연 | E46: 1 | F46: 과장 | G46: 1122 7355 | H46: 서비스사업본부 | J46: 870320-1155212 | K46: 40903 | L46: 43891 | N46: 일반대 | O46: 남서울대학교 | P46: 컴퓨터학과 | R46: 학사 | S46: 40950 | V46: OCJP | W46: 40695 | Z46: 초급 | AA46: 유 | AC46: 초급 | AD46: 0 | AE46: =(TRUNC(AD46/12))&"년 "&(ROUNDDOWN(MOD(AD46,12),0))&"개월" -> 0년 0개월 | AF46: =($AL$1-K46)/30 -> 173.7 | AG46: =(TRUNC(AF46/12))&"년 "&(ROUNDDOWN(MOD(AF46,12),0))&"개월" -> 14년 5개월 | AH46: =+AD46+AF46 -> 173.7 | AI46: =(TRUNC(AH46/12))&"년 "&(ROUNDDOWN(MOD(AH46,12),0))&"개월" -> 14년 5개월 | AJ46: 인천광역시 부평구 부개로 9, 505동 1104호 (부개동, 부개주공5단지아파트) | AK46: 010-7765-6519 | AL46: hayunlee@in-soft.co.kr | AN46: (양)87.03.20 | AO46: 3.20 | AQ46: 승인
A47: 14 | B47: 120501 | C47: 개발 | D47: 박정민 | E47: 1 | F47: 과장 | G47: 1147 1590 | H47: 서비스사업본부 | J47: 830205-1233223 | K47: 41036 | L47: 43891 | N47: 일반대 | O47: 우석대학교 | P47: 전산정보학부 | R47: 학사 | Z47: 초급 | AA47: 유 | AC47: 초급 | AD47: 19 | AE47: =(TRUNC(AD47/12))&"년 "&(ROUNDDOWN(MOD(AD47,12),0))&"개월" -> 1년 7개월 | AF47: =($AL$1-K47)/30 -> 169.26667 | AG47: =(TRUNC(AF47/12))&"년 "&(ROUNDDOWN(MOD(AF47,12),0))&"개월" -> 14년 1개월 | AH47: =+AD47+AF47 -> 188.26667 | AI47: =(TRUNC(AH47/12))&"년 "&(ROUNDDOWN(MOD(AH47,12),0))&"개월" -> 15년 8개월 | AJ47: 경기도 파주시 운정3동 한울마을6단지 608동 103호 | AK47: 010-9705-2156 | AL47: jmpark@in-soft.co.kr | AN47: (음)83.01.05 | AO47: 2.12 | AQ47: 승인
A48: 72 | B48: 220107 | C48: PM | D48: 김정기 | E48: 1 | F48: 이사 | H48: 서비스사업본부 | J48: 681007-1018035 | K48: 44578 | N48: 일반대 | O48: 단국대학교 | P48: 전자계산학 | Q48: 충남 | R48: 학사 | S48: 33467 | T48: 정보처리기사 | U48: 35002 | AD48: 339 | AE48: =(TRUNC(AD48/12))&"년 "&(ROUNDDOWN(MOD(AD48,12),0))&"개월" -> 28년 3개월 | AF48: =($AL$1-K48)/30 -> 51.2 | AG48: =(TRUNC(AF48/12))&"년 "&(ROUNDDOWN(MOD(AF48,12),0))&"개월" -> 4년 3개월 | AH48: =+AD48+AF48 -> 390.2 | AI48: =(TRUNC(AH48/12))&"년 "&(ROUNDDOWN(MOD(AH48,12),0))&"개월" -> 32년 6개월 | AJ48: 인천시 부평구 안남로222번길 30, 201동 311호 (산곡동, 경남아파트) | AK48: 010-6275-9606 | AL48: jkkim@in-soft.co.kr | AN48: (양)68.10.07 | AO48: 10.07 | AQ48: 승인
A49: 99 | B49: 230203 | C49: 개발 | D49: 이도관 | E49: 1 | F49: 사원 | H49: 서비스사업본부 | J49: 940815-1820414 | K49: 44963 | N49: 일반대 | O49: 서경대학교 | P49: 전자공학과 | Q49: 서울 | R49: 학사 | S49: 43510 | T49: 정보처리기사 | U49: 43245 | V49: SQL개발자 | W49: 45275 | AD49: 44 | AE49: =(TRUNC(AD49/12))&"년 "&(ROUNDDOWN(MOD(AD49,12),0))&"개월" -> 3년 8개월 | AF49: =($AL$1-K49)/30 -> 38.366667 | AG49: =(TRUNC(AF49/12))&"년 "&(ROUNDDOWN(MOD(AF49,12),0))&"개월" -> 3년 2개월 | AH49: =+AD49+AF49 -> 82.366667 | AI49: =(TRUNC(AH49/12))&"년 "&(ROUNDDOWN(MOD(AH49,12),0))&"개월" -> 6년 10개월 | AJ49: 서울특별시 강북구 번동 462-100 | AK49: 010-2690-5279 | AL49: dglee@in-soft.co.kr | AN49: (양)94.08.15 | AQ49: 승인
A50: 91 | B50: 221103 | C50: 웹디 | D50: 김은정 | E50: 2 | F50: 차장 | H50: 서비스사업본부 | I50: UI/UX플랫폼팀 | J50: 710418-2057744 | K50: 44886 | N50: 전문대 | O50: 계원조형대학 | P50: 조형학과 회화 | Q50: 경기 | R50: 전문 | S50: 35461 | T50: 컴퓨터그래픽스운용기능사 | U50: 37536 | AD50: 193 | AE50: =(TRUNC(AD50/12))&"년 "&(ROUNDDOWN(MOD(AD50,12),0))&"개월" -> 16년 1개월 | AF50: =($AL$1-K50)/30 -> 40.933333 | AG50: =(TRUNC(AF50/12))&"년 "&(ROUNDDOWN(MOD(AF50,12),0))&"개월" -> 3년 4개월 | AH50: =+AD50+AF50 -> 233.93333 | AI50: =(TRUNC(AH50/12))&"년 "&(ROUNDDOWN(MOD(AH50,12),0))&"개월" -> 19년 5개월 | AJ50: 경기도 부천시 송내대로30번길 38 욱일3차 가동 408호 | AK50: 010-2363-4032 | AL50: ejkim@in-soft.co.kr | AN50: (양)71.04.18 | AQ50: 승인
A51: 2 | B51: 040101 | C51: 본부장 | D51: 김상민 | F51: 전무 | G51: 1097 3383 | H51: 서비스사업본부 | J51: 750122-1041719 | K51: 37987 | L51: 44562 | N51: 대학원 | O51: 성균관대학교 | P51: 컴퓨터공학 | R51: 석사 | S51: 37677 | T51: 정보처리기사 | U51: 37529 | V51: SCJP | W51: 37590 | Z51: 특급 | AA51: 유 | AB51: 40756 | AC51: 특급 | AD51: 10 | AE51: =(TRUNC(AD51/12))&"년 "&(ROUNDDOWN(MOD(AD51,12),0))&"개월" -> 0년 10개월 | AF51: =($AL$1-K51)/30 -> 270.9 | AG51: =(TRUNC(AF51/12))&"년 "&(ROUNDDOWN(MOD(AF51,12),0))&"개월" -> 22년 6개월 | AH51: =+AD51+AF51 -> 280.9 | AI51: =(TRUNC(AH51/12))&"년 "&(ROUNDDOWN(MOD(AH51,12),0))&"개월" -> 23년 4개월 | AJ51: 서울시 송파구 송파대로 567 주공 5단지 520동 1101호 | AK51: 010-6286-4249 | AL51: smkim@in-soft.co.kr | AN51: (양)75.01.22 | AO51: 1.22 | AQ51: 승인
A52: 10 | B52: 110401 | C52: 개발 | D52: 이광희 | F52: 차장 | G52: 1147 2223 | H52: 서비스사업본부 | J52: 800403-1394314 | K52: 40637 | L52: 43891 | N52: 일반대 | O52: 명지평생교육원 | P52: 컴퓨터공학 | R52: 학사 | S52: 40416 | V52: 정보처리산업기사 | W52: 39678 | Z52: 초급 | AA52: 유 | AC52: 고급 상 | AD52: 0 | AE52: =(TRUNC(AD52/12))&"년 "&(ROUNDDOWN(MOD(AD52,12),0))&"개월" -> 0년 0개월 | AF52: =($AL$1-K52)/30 -> 182.56667 | AG52: =(TRUNC(AF52/12))&"년 "&(ROUNDDOWN(MOD(AF52,12),0))&"개월" -> 15년 2개월 | AH52: =+AD52+AF52 -> 182.56667 | AI52: =(TRUNC(AH52/12))&"년 "&(ROUNDDOWN(MOD(AH52,12),0))&"개월" -> 15년 2개월 | AJ52: 서울시 용산구 청파동 1가 1-53호 호성빌라트 302호 | AK52: 010-6295-1294 | AL52: khlee@in-soft.co.kr | AM52: 2627 | AN52: (양)80.04.03 | AO52: 4.03 | AQ52: 승인
A53: 12 | B53: 120103 | C53: 개발 | D53: 김준희 | F53: 과장 | G53: 1135 7869 | H53: 서비스사업본부 | J53: 841009-1070527 | K53: 40910 | L53: 43891 | N53: 일반대대 | O53: 한국방송통신대학교 | P53: 컴퓨터과학과 | R53: 학사 | S53: 45343 | V53: 정보처리기능사 | W53: 37375 | Z53: 특급급 | AA53: 유 | AC53: 특급 | AD53: 0 | AE53: =(TRUNC(AD53/12))&"년 "&(ROUNDDOWN(MOD(AD53,12),0))&"개월" -> 0년 0개월 | AF53: =($AL$1-K53)/30 -> 173.46667 | AG53: =(TRUNC(AF53/12))&"년 "&(ROUNDDOWN(MOD(AF53,12),0))&"개월" -> 14년 5개월 | AH53: =+AD53+AF53 -> 173.46667 | AI53: =(TRUNC(AH53/12))&"년 "&(ROUNDDOWN(MOD(AH53,12),0))&"개월" -> 14년 5개월 | AJ53: 서울시 구로구 신도림동 290 미성아파트 1동 506호 | AK53: 010-2032-2761 | AL53: jhkim@in-soft.co.kr | AM53: 2624 | AN53: (양)84.10.09 | AO53: 10.09 | AQ53: 승인
A54: 15 | B54: 130102 | C54: 개발 | D54: 박규태 | F54: 부장 | G54: 1122 7538 | H54: 서비스사업본부 | J54: 750405-1019315 | K54: 41284 | L54: 43313 | N54: 일반대 | O54: 단국대학교 | P54: 국어국문과 | R54: 학사 | S54: 37127 | T54: 정보처리기사 | U54: 39678 | V54: SCJP | W54: 37349 | Z54: 특급 | AC54: 특급 | AD54: 126 | AE54: =(TRUNC(AD54/12))&"년 "&(ROUNDDOWN(MOD(AD54,12),0))&"개월" -> 10년 6개월 | AF54: =($AL$1-K54)/30 -> 161 | AG54: =(TRUNC(AF54/12))&"년 "&(ROUNDDOWN(MOD(AF54,12),0))&"개월" -> 13년 5개월 | AH54: =+AD54+AF54 -> 287 | AI54: =(TRUNC(AH54/12))&"년 "&(ROUNDDOWN(MOD(AH54,12),0))&"개월" -> 23년 11개월 | AJ54: 경기도 군포시 오금동 율곡아파트 330동 1304호 | AK54: 010-3352-6535 | AL54: ktpark@in-soft.co.kr | AN54: (양)75.04.05 | AO54: 4.05 | AQ54: 승인
A55: 16 | B55: 130209 | C55: 개발 | D55: 조주현 | F55: 과장 | G55: 1147 1678 | H55: 서비스사업본부 | J55: 880526-1910517 | K55: 41330 | L55: 44228 | N55: 일반대 | O55: 경남대학교 | P55: 정보통신공학 | R55: 학사 | S55: 41325 | Z55: 고급중 | AD55: 0 | AE55: =(TRUNC(AD55/12))&"년 "&(ROUNDDOWN(MOD(AD55,12),0))&"개월" -> 0년 0개월 | AF55: =($AL$1-K55)/30 -> 159.46667 | AG55: =(TRUNC(AF55/12))&"년 "&(ROUNDDOWN(MOD(AF55,12),0))&"개월" -> 13년 3개월 | AH55: =+AD55+AF55 -> 159.46667 | AI55: =(TRUNC(AH55/12))&"년 "&(ROUNDDOWN(MOD(AH55,12),0))&"개월" -> 13년 3개월 | AJ55: 인천시 부평구 장제로155번길 53, B동 503호 (부평동, 삼성타운) | AK55: 010-6708-3819 | AL55: jhjo@in-soft.co.kr | AN55: (양)88.05.26 | AO55: 5.26 | AQ55: 승인
A56: 21 | B56: 150903 | C56: PM | D56: 김기묵 | F56: 부장 | G56: 1107 2866 | H56: 서비스사업본부 | I56: Cloud Lab팀 | J56: 740104-1011811 | K56: 42255 | N56: 일반대 | O56: 경원대학교 | P56: 중어중문학 | Q56: 경기 | R56: 학사 | S56: 35850 | Z56: 특급 | AD56: 168 | AE56: =(TRUNC(AD56/12))&"년 "&(ROUNDDOWN(MOD(AD56,12),0))&"개월" -> 14년 0개월 | AF56: =(재직자!$AL$1-K56)/30 -> 128.63333 | AG56: =(TRUNC(AF56/12))&"년 "&(ROUNDDOWN(MOD(AF56,12),0))&"개월" -> 10년 8개월 | AH56: =+AD56+AF56 -> 296.63333 | AI56: =(TRUNC(AH56/12))&"년 "&(ROUNDDOWN(MOD(AH56,12),0))&"개월" -> 24년 8개월 | AJ56: 서울시 은평구 불광동 384 더하우스 301호 | AK56: 010-4221-6126 | AL56: kmkim@in-soft.co.kr | AN56: (양)71.01.04 | AO56: 1.04 | AQ56: 승인
A57: 26 | B57: 180401 | C57: SE | D57: 박상준 | F57: 차장 | G57: 1135 7839 | H57: 서비스사업본부 | I57: 통합관제팀 | J57: 791228-1010912 | K57: 43192 | N57: 일반대 | O57: 강원대학교 | P57: 통계학과 | Q57: 강원 | R57: 학사 | S57: 38770 | T57: 정보처리기사 | U57: 38215 | Z57: 특급 | AD57: 133 | AE57: =(TRUNC(AD57/12))&"년 "&(ROUNDDOWN(MOD(AD57,12),0))&"개월" -> 11년 1개월 | AF57: =(재직자!$AL$1-K57)/30 -> 97.4 | AG57: =(TRUNC(AF57/12))&"년 "&(ROUNDDOWN(MOD(AF57,12),0))&"개월" -> 8년 1개월 | AH57: =+AD57+AF57 -> 230.4 | AI57: =(TRUNC(AH57/12))&"년 "&(ROUNDDOWN(MOD(AH57,12),0))&"개월" -> 19년 2개월 | AJ57: 서울시 구로구 부일로1길 65, 102동 202호 (온수동, 양지삼성원빌) | AK57: 010-9025-3228 | AL57: park12@in-soft.co.kr | AN57: (양)79.12.18 | AO57: 12.18 | AQ57: 승인
A58: 29 | B58: 180801 | C58: 개발 | D58: 황명일 | F58: 부장 | G58: 1101 8143 | H58: 서비스사업본부 | I58: Cloud Lab팀 | J58: 750113-1254225 | K58: 40528 | L58: 42917 | N58: 일반대 | O58: 대진대학교 | P58: 컴퓨터공학 | Q58: 경기 | R58: 학사 | S58: 36392 | Z58: 특급 | AA58: 유 | AB58: 40753 | AC58: 고급 | AD58: 132 | AE58: =(TRUNC(AD58/12))&"년 "&(ROUNDDOWN(MOD(AD58,12),0))&"개월" -> 11년 0개월 | AF58: =($AL$1-K58)/30 -> 186.2 | AG58: =(TRUNC(AF58/12))&"년 "&(ROUNDDOWN(MOD(AF58,12),0))&"개월" -> 15년 6개월 | AH58: =+AD58+AF58 -> 318.2 | AI58: =(TRUNC(AH58/12))&"년 "&(ROUNDDOWN(MOD(AH58,12),0))&"개월" -> 26년 6개월 | AJ58: 경기도 부천시 오정구 오정동 726 휴먼시아 209동 402호 | AK58: 010-2286-9801 | AL58: mihwang@in-soft.co.kr | AN58: (양)75.01.13 | AO58: 1.13 | AQ58: 승인
A59: 31 | B59: 181107 | C59: 개발 | D59: 박찬호 | F59: 대리 | G59: 1243 4344 | H59: 서비스사업본부 | J59: 920527-1860215 | K59: 43426 | L59: 44562 | N59: 일반대 | O59: 강원대학교 | P59: 경제학 | Q59: 강원 | R59: 학사 | T59: 정보처리기사 | U59: 43329 | AE59: =(TRUNC(AD59/12))&"년 "&(ROUNDDOWN(MOD(AD59,12),0))&"개월" -> 0년 0개월 | AF59: =(재직자!$AL$1-K59)/30 -> 89.6 | AG59: =(TRUNC(AF59/12))&"년 "&(ROUNDDOWN(MOD(AF59,12),0))&"개월" -> 7년 5개월 | AH59: =+AD59+AF59 -> 89.6 | AI59: =(TRUNC(AH59/12))&"년 "&(ROUNDDOWN(MOD(AH59,12),0))&"개월" -> 7년 5개월 | AJ59: 서울시 영등포구 신길6동 4136번지 | AK59: 010-3233-0918 | AL59: chpark@in-soft.co.kr | AN59: (양)92.05.27 | AO59: 5.27 | AQ59: 승인
A60: 32 | B60: 190101 | C60: 개발 | D60: 봉배근 | F60: 차장 | H60: 서비스사업본부 | J60: 800810-1068319 | K60: 43467 | L60: 44562 | N60: 고졸 | O60: 권선고등학교 | Q60: 경기 | R60: 고졸 | AD60: 166 | AE60: =(TRUNC(AD60/12))&"년 "&(ROUNDDOWN(MOD(AD60,12),0))&"개월" -> 13년 10개월 | AF60: =(재직자!$AL$1-K60)/30 -> 88.233333 | AG60: =(TRUNC(AF60/12))&"년 "&(ROUNDDOWN(MOD(AF60,12),0))&"개월" -> 7년 4개월 | AH60: =+AD60+AF60 -> 254.23333 | AI60: =(TRUNC(AH60/12))&"년 "&(ROUNDDOWN(MOD(AH60,12),0))&"개월" -> 21년 2개월 | AJ60: 경기도 부천시 양지로184번길 8-3 401호 | AK60: 010-3651-1299 | AL60: bgbong@in-soft.co.kr | AN60: (양)80.08.10 | AO60: 8.10 | AQ60: 승인
A61: 35 | B61: 190405 | C61: 개발 | D61: 정순형 | F61: 부장 | H61: 서비스사업본부 | J61: 761010-1009913 | K61: 43580 | L61: 44562 | N61: 일반대 | O61: 강남대학교 | P61: 컴퓨터공학 | Q61: 경기 | R61: 학사 | S61: 37669 | T61: 정보처리기사 | U61: 40788 | AD61: 144 | AE61: =(TRUNC(AD61/12))&"년 "&(ROUNDDOWN(MOD(AD61,12),0))&"개월" -> 12년 0개월 | AF61: =(재직자!$AL$1-K61)/30 -> 84.466667 | AG61: =(TRUNC(AF61/12))&"년 "&(ROUNDDOWN(MOD(AF61,12),0))&"개월" -> 7년 0개월 | AH61: =+AD61+AF61 -> 228.46667 | AI61: =(TRUNC(AH61/12))&"년 "&(ROUNDDOWN(MOD(AH61,12),0))&"개월" -> 19년 0개월 | AJ61: 경기도 김포시 김포한강 8로 15 김포한강센트럴블루힐 511동 1701호 | AK61: 010-4010-4273 | AL61: shjung@in-soft.co.kr | AN61: (양)76.10.10 | AO61: 10.10 | AQ61: 승인
A62: 44 | B62: 200701 | C62: SE | D62: 유지현 | F62: 부장 | H62: 서비스사업본부 | J62: 730418-1229019 | K62: 44025 | N62: 전문대 | O62: 부천대학교 | P62: 전자계산학 | Q62: 경기 | R62: 전문 | S62: 36201 | T62: 정보처리기능사 | U62: 33966 | V62: vsphere5.5 | W62: 41232 | X62: MCSE2000 | Y62: 37508 | AD62: 245 | AE62: =(TRUNC(AD62/12))&"년 "&(ROUNDDOWN(MOD(AD62,12),0))&"개월" -> 20년 5개월 | AF62: =($AL$1-K62)/30 -> 69.633333 | AG62: =(TRUNC(AF62/12))&"년 "&(ROUNDDOWN(MOD(AF62,12),0))&"개월" -> 5년 9개월 | AH62: =+AD62+AF62 -> 314.63333 | AI62: =(TRUNC(AH62/12))&"년 "&(ROUNDDOWN(MOD(AH62,12),0))&"개월" -> 26년 2개월 | AJ62: 경기도 김포시 김포한강7로 22번길 22, 510동1703호 | AK62: 010-3014-7967 | AL62: jhryu@in-soft.co.kr | AN62: (양)73.04.18 | AO62: 04.18 | AQ62: 승인
A63: 58 | B63: 210602 | C63: 개발 | D63: 정근배 | F63: 부장 | H63: 서비스사업본부 | J63: 751022-1056421 | K63: 44351 | N63: 전문대 | O63: 부천대학교 | P63: 전자계산기 | Q63: 경기 | R63: 전문 | S63: 35462 | AD63: 258 | AE63: =(TRUNC(AD63/12))&"년 "&(ROUNDDOWN(MOD(AD63,12),0))&"개월" -> 21년 6개월 | AF63: =($AL$1-K63)/30 -> 58.766667 | AG63: =(TRUNC(AF63/12))&"년 "&(ROUNDDOWN(MOD(AF63,12),0))&"개월" -> 4년 10개월 | AH63: =+AD63+AF63 -> 316.76667 | AI63: =(TRUNC(AH63/12))&"년 "&(ROUNDDOWN(MOD(AH63,12),0))&"개월" -> 26년 4개월 | AJ63: 경기도 고양시 일산서구 하이파크 3로 111, 211동 1403호 | AK63: 010-4381-1022 | AL63: gbjeung@in-soft.co.kr | AN63: (양)75.10.22 | AO63: 10.22 | AQ63: 승인
A64: 67 | B64: 211202 | C64: 개발 | D64: 최강식 | F64: 차장 | H64: 서비스사업본부 | J64: 811102-1465110 | K64: 44536 | N64: 전문대 | O64: 아주자동차대학 | P64: 웹디자인 | Q64: 충남 | R64: 전문 | S64: 38400 | AD64: 152 | AE64: =(TRUNC(AD64/12))&"년 "&(ROUNDDOWN(MOD(AD64,12),0))&"개월" -> 12년 8개월 | AF64: =($AL$1-K64)/30 -> 52.6 | AG64: =(TRUNC(AF64/12))&"년 "&(ROUNDDOWN(MOD(AF64,12),0))&"개월" -> 4년 4개월 | AH64: =+AD64+AF64 -> 204.6 | AI64: =(TRUNC(AH64/12))&"년 "&(ROUNDDOWN(MOD(AH64,12),0))&"개월" -> 17년 0개월 | AJ64: 경기도 부천시 장말로362번길 17, B동 301호 (심곡동, 도원아파트) | AK64: 010-4243-4004 | AL64: kschoi@in-soft.co.kr | AN64: (양)81.11.02 | AO64: 11.02 | AQ64: 승인
A65: 70 | B65: 220102 | C65: 개발 | D65: 이정현 | F65: 대리 | H65: 서비스사업본부 | J65: 900930-1065117 | K65: 44564 | N65: 일반대 | O65: 공주대학교 | P65: 보건관리학 | Q65: 충남 | R65: 학사 | S65: 41327 | AD65: 76 | AE65: =(TRUNC(AD65/12))&"년 "&(ROUNDDOWN(MOD(AD65,12),0))&"개월" -> 6년 4개월 | AF65: =($AL$1-K65)/30 -> 51.666667 | AG65: =(TRUNC(AF65/12))&"년 "&(ROUNDDOWN(MOD(AF65,12),0))&"개월" -> 4년 3개월 | AH65: =+AD65+AF65 -> 127.66667 | AI65: =(TRUNC(AH65/12))&"년 "&(ROUNDDOWN(MOD(AH65,12),0))&"개월" -> 10년 7개월 | AJ65: 서울시 도봉구 방학로 7길 15, 102동 505호 | AK65: 010-3100-0935 | AL65: jhlee@in-soft.co.kr | AN65: (양)90.09.30 | AO65: 09.30 | AQ65: 승인
A66: 74 | B66: 220206 | C66: 개발 | D66: 이호준 | F66: 이사 | G66: 1122 7441 | H66: 서비스사업본부 | J66: 710507-1026133 | K66: 40007 | L66: 43891 | N66: 일반대 | O66: 호서대학교 | P66: 컴퓨터공학 | R66: 학사 | S66: 36945 | Z66: 특급 | AC66: 고급 | AD66: 102 | AE66: =(TRUNC(AD66/12))&"년 "&(ROUNDDOWN(MOD(AD66,12),0))&"개월" -> 8년 6개월 | AF66: =($AL$1-K66)/30 -> 203.56667 | AG66: =(TRUNC(AF66/12))&"년 "&(ROUNDDOWN(MOD(AF66,12),0))&"개월" -> 16년 11개월 | AH66: =+AD66+AF66 -> 305.56667 | AI66: =(TRUNC(AH66/12))&"년 "&(ROUNDDOWN(MOD(AH66,12),0))&"개월" -> 25년 5개월 | AJ66: 인천시 서구 비즈니스로 41, 청라한양수지인 555동 304호 | AK66: 010-6362-2764 | AL66: sion92@in-soft.co.kr | AM66: 2649 | AN66: (음)71.05.07 | AO66: 6.11
A67: 80 | B67: 220701 | C67: 기획 | D67: 정주영 | F67: 차장 | H67: 서비스사업본부 | J67: 880608-2029531 | K67: 44743 | N67: 일반대 | O67: 국가평생교육진흥원 | P67: 컴퓨터공학 | Q67: 서울 | R67: 학사 | S67: 43705 | AD67: 90 | AE67: =(TRUNC(AD67/12))&"년 "&(ROUNDDOWN(MOD(AD67,12),0))&"개월" -> 7년 6개월 | AF67: =($AL$1-K67)/30 -> 45.7 | AG67: =(TRUNC(AF67/12))&"년 "&(ROUNDDOWN(MOD(AF67,12),0))&"개월" -> 3년 9개월 | AH67: =+AD67+AF67 -> 135.7 | AI67: =(TRUNC(AH67/12))&"년 "&(ROUNDDOWN(MOD(AH67,12),0))&"개월" -> 11년 3개월 | AJ67: 서울시 강북구 번동 417-66 | AK67: 010-6252-2747 | AL67: jyjung@in-soft.co.kr | AN67: (양)88.06.08 | AO67: 06.08 | AQ67: 승인
A68: 27 | B68: 180702 | C68: 기획 | D68: 이상호 | F68: 부장 | G68: 1189 0668 | H68: 서비스사업본부 | J68: 740813-1023311 | K68: 43304 | N68: 고졸 | O68: 고려대학교사범대학부속고등학교 | Q68: 서울 | R68: 고졸 | S68: 34014 | AD68: 216 | AE68: =(TRUNC(AD68/12))&"년 "&(ROUNDDOWN(MOD(AD68,12),0))&"개월" -> 18년 0개월 | AF68: =($AL$1-K68)/30 -> 93.666667 | AG68: =(TRUNC(AF68/12))&"년 "&(ROUNDDOWN(MOD(AF68,12),0))&"개월" -> 7년 9개월 | AH68: =+AD68+AF68 -> 309.66667 | AI68: =(TRUNC(AH68/12))&"년 "&(ROUNDDOWN(MOD(AH68,12),0))&"개월" -> 25년 9개월 | AJ68: 서울시 성북구 숭인로2길 61 동부센트레빌 아파트 107동 701호 | AK68: 010-3266-4132 | AL68: sholee@in-soft.co.kr | AN68: (음)74.08.13 | AO68: 9.22 | AQ68: 승인
A69: 34 | B69: 190401 | C69: 개발 | D69: 장원석 | F69: 차장 | G69: 1100 2731 | H69: 서비스사업본부 | J69: 800822-1067014 | K69: 43556 | L69: 44228 | N69: 대학원 | O69: 건국대학교 | P69: 컴퓨터정보통신공학 | Q69: 서울 | R69: 석사 | S69: 38951 | T69: 정보처리기사 | U69: 37963 | AD69: 113 | AE69: =(TRUNC(AD69/12))&"년 "&(ROUNDDOWN(MOD(AD69,12),0))&"개월" -> 9년 5개월 | AF69: =(재직자!$AL$1-K69)/30 -> 85.266667 | AG69: =(TRUNC(AF69/12))&"년 "&(ROUNDDOWN(MOD(AF69,12),0))&"개월" -> 7년 1개월 | AH69: =+AD69+AF69 -> 198.26667 | AI69: =(TRUNC(AH69/12))&"년 "&(ROUNDDOWN(MOD(AH69,12),0))&"개월" -> 16년 6개월 | AJ69: 경기도 광명시 광명역로 28, 203동 3203 호 (일직동, 광명역센트럴자이) | AK69: 010-9182-2454 | AL69: wsjang@in-soft.co.kr | AN69: (양)80.08.22 | AO69: 08.22 | AQ69: 승인
A70: 59 | B70: 210604 | C70: 디자인 | D70: 박다정 | F70: 과장 | H70: 서비스사업본부 | J70: 871105-2126025 | K70: 44375 | N70: 일반대 | O70: 경성대학교 | P70: 제품디자인학 | Q70: 부산 | R70: 학사 | S70: 40228 | V70: 컬러리스트산업기사 | W70: 40112 | AD70: 84 | AE70: =(TRUNC(AD70/12))&"년 "&(ROUNDDOWN(MOD(AD70,12),0))&"개월" -> 7년 0개월 | AF70: =($AL$1-K70)/30 -> 57.966667 | AG70: =(TRUNC(AF70/12))&"년 "&(ROUNDDOWN(MOD(AF70,12),0))&"개월" -> 4년 9개월 | AH70: =+AD70+AF70 -> 141.96667 | AI70: =(TRUNC(AH70/12))&"년 "&(ROUNDDOWN(MOD(AH70,12),0))&"개월" -> 11년 9개월 | AJ70: 서울시 관악구 남부순활로163나길 10, 201호 (신림동) | AK70: 010-2604-0400 | AL70: djpark@in-soft.co.kr | AN70: (양)87.11.05 | AO70: 11.05 | AQ70: 승인
A71: 65 | B71: 211104 | C71: PM | D71: 호성민 | F71: 부장 | H71: 서비스사업본부 | J71: 770725-1123311 | K71: 44522 | N71: 일반대 | O71: 경희대학교 | P71: 전자계산공학 | Q71: 경기 | R71: 학사 | S71: 38035 | T71: 정보처리기사 | U71: 37963 | V71: Azure Fundamentals | W71: 44421 | X71: Azure Solutions Architect Expert | Y71: 44482 | AD71: 205 | AE71: =(TRUNC(AD71/12))&"년 "&(ROUNDDOWN(MOD(AD71,12),0))&"개월" -> 17년 1개월 | AF71: =($AL$1-K71)/30 -> 53.066667 | AG71: =(TRUNC(AF71/12))&"년 "&(ROUNDDOWN(MOD(AF71,12),0))&"개월" -> 4년 5개월 | AH71: =+AD71+AF71 -> 258.06667 | AI71: =(TRUNC(AH71/12))&"년 "&(ROUNDDOWN(MOD(AH71,12),0))&"개월" -> 21년 6개월 | AJ71: 서울시 송파구 송파대로 567, 503동 1202호 (잠실동) | AK71: 010-8951-6721 | AL71: smho@in-soft.co.kr | AN71: (양)77.07.25 | AO71: 07.25 | AQ71: 승인
A72: 88 | B72: 221003 | C72: sw | D72: 염정아 | F72: 사원 | H72: 서비스사업본부 | I72: 클라우드 si1팀 | J72: 920408-2178621 | K72: 44851 | N72: 일반대 | O72: 명지대학교 | P72: 경영학과 | Q72: 서울 | R72: 학사 | S72: 44426 | T72: 정보기기운용기능사 | U72: 40422 | V72: GTQ | W72: 43868 | AD72: 8 | AE72: =(TRUNC(AD72/12))&"년 "&(ROUNDDOWN(MOD(AD72,12),0))&"개월" -> 0년 8개월 | AF72: =($AL$1-K72)/30 -> 42.1 | AG72: =(TRUNC(AF72/12))&"년 "&(ROUNDDOWN(MOD(AF72,12),0))&"개월" -> 3년 6개월 | AH72: =+AD72+AF72 -> 50.1 | AI72: =(TRUNC(AH72/12))&"년 "&(ROUNDDOWN(MOD(AH72,12),0))&"개월" -> 4년 2개월 | AJ72: 경기도 군포시 고산로 667번길 34 개나리아파트 | AK72: 010-4141-9294 | AL72: jayeom@in-soft.co.kr | AN72: (양)92.04.08
A73: 92 | B73: 221202 | C73: EN | D73: 김주현 | F73: 차장 | H73: 서비스사업본부 | J73: 821001-1267717 | K73: 44896 | N73: 전문대 | O73: 경북보건대학교 | P73: 컴퓨터계열 | Q73: 경북 | R73: 전문 | S73: 39121 | AD73: 160 | AE73: =(TRUNC(AD73/12))&"년 "&(ROUNDDOWN(MOD(AD73,12),0))&"개월" -> 13년 4개월 | AF73: =($AL$1-K73)/30 -> 40.6 | AG73: =(TRUNC(AF73/12))&"년 "&(ROUNDDOWN(MOD(AF73,12),0))&"개월" -> 3년 4개월 | AH73: =+AD73+AF73 -> 200.6 | AI73: =(TRUNC(AH73/12))&"년 "&(ROUNDDOWN(MOD(AH73,12),0))&"개월" -> 16년 8개월 | AJ73: 서울시 영등포구 선유로33길 18 대우이안2차 103-601호 | AK73: 010-2361-4720 | AL73: juhyun@in-soft.co.kr | AN73: (양)82.10.01
A74: 93 | B74: 221201 | C74: 개발 | D74: 이강윤 | F74: 이사 | H74: 서비스사업본부 | J74: 720505-1625826 | K74: 44896 | N74: 대학원 | O74: 조선대학교 일반대학원 | P74: 기계공학과 | Q74: 광주 | R74: 석사 | S74: 35489 | AD74: 187 | AE74: =(TRUNC(AD74/12))&"년 "&(ROUNDDOWN(MOD(AD74,12),0))&"개월" -> 15년 7개월 | AF74: =($AL$1-K74)/30 -> 40.6 | AG74: =(TRUNC(AF74/12))&"년 "&(ROUNDDOWN(MOD(AF74,12),0))&"개월" -> 3년 4개월 | AH74: =+AD74+AF74 -> 227.6 | AI74: =(TRUNC(AH74/12))&"년 "&(ROUNDDOWN(MOD(AH74,12),0))&"개월" -> 18년 11개월 | AJ74: 인천 서구 검단로768번길 19 금호어울림아파트 106동 103호 | AK74: 010-3635-4919 | AL74: kylee@in-soft.co.kr | AN74: (음)72.05.05
A75: 98 | B75: 230204 | C75: EN | D75: 이상욱 | F75: 사원 | H75: 서비스사업본부 | J75: 000917-3069510 | K75: 44963 | N75: 고졸 | O75: 서울광운전자공업고 | P75: 전자통신과 | Q75: 서울 | R75: 고졸 | S75: 43497 | AD75: 25 | AE75: =(TRUNC(AD75/12))&"년 "&(ROUNDDOWN(MOD(AD75,12),0))&"개월" -> 2년 1개월 | AF75: =($AL$1-K75)/30 -> 38.366667 | AG75: =(TRUNC(AF75/12))&"년 "&(ROUNDDOWN(MOD(AF75,12),0))&"개월" -> 3년 2개월 | AH75: =+AD75+AF75 -> 63.366667 | AI75: =(TRUNC(AH75/12))&"년 "&(ROUNDDOWN(MOD(AH75,12),0))&"개월" -> 5년 3개월 | AJ75: 서울시 금천구 독산로 68가길 17 202호 | AK75: 010-9370-9641 | AL75: lsw@in-soft.co.kr | AN75: (양)00.09.17
A76: 86 | B76: 221002 | C76: 기획 | D76: 최락길 | F76: 차장 | H76: 서비스사업본부 | I76: MSA플랫폼팀 | J76: 800315-1226412 | K76: 44838 | N76: 일반대 | O76: 단국대학교 | P76: 경영학과 | Q76: 경기 | R76: 학사 | S76: 39311 | AD76: 135 | AE76: =(TRUNC(AD76/12))&"년 "&(ROUNDDOWN(MOD(AD76,12),0))&"개월" -> 11년 3개월 | AF76: =($AL$1-K76)/30 -> 42.533333 | AG76: =(TRUNC(AF76/12))&"년 "&(ROUNDDOWN(MOD(AF76,12),0))&"개월" -> 3년 6개월 | AH76: =+AD76+AF76 -> 177.53333 | AI76: =(TRUNC(AH76/12))&"년 "&(ROUNDDOWN(MOD(AH76,12),0))&"개월" -> 14년 9개월 | AJ76: 서울 마포구 합정동 449-6 진흥빌 503호 | AK76: 010-8735-8380 | AL76: rkchoi@in-soft.co.kr | AN76: (양)80.03.15 | AQ76: 승인
A77: 3 | B77: 070101 | C77: SE | D77: 문희성 | E77: 1 | F77: 차장 | G77: 1135 7897 | H77: 솔루션사업본부 | I77: 오픈매니저팀 | J77: 800721-1019617 | K77: 39083 | L77: 42005 | N77: 일반대 | O77: 용인대학교 | P77: 전산통계학 | R77: 학사 | S77: 38772 | T77: 정보처리기사 | U77: 38873 | Z77: 특급 | AA77: 유 | AB77: 40756 | AC77: 고급 | AD77: 0 | AE77: =(TRUNC(AD77/12))&"년 "&(ROUNDDOWN(MOD(AD77,12),0))&"개월" -> 0년 0개월 | AF77: =($AL$1-K77)/30 -> 234.36667 | AG77: =(TRUNC(AF77/12))&"년 "&(ROUNDDOWN(MOD(AF77,12),0))&"개월" -> 19년 6개월 | AH77: =+AD77+AF77 -> 234.36667 | AI77: =(TRUNC(AH77/12))&"년 "&(ROUNDDOWN(MOD(AH77,12),0))&"개월" -> 19년 6개월 | AJ77: 서울시 광진구 구의동 222-66호 | AK77: 010-3727-8032 | AL77: hsmoon@in-soft.co.kr | AM77: 2647 | AN77: (양)80.07.21 | AO77: 7.21
A78: 8 | B78: 101206 | C78: 개발 | D78: 김동민 | E78: 1 | F78: 차장 | G78: 1135 7799 | H78: 솔루션사업본부 | I78: 오픈매니저팀 | J78: 830228-1030714 | K78: 40513 | L78: 43891 | N78: 일반대 | O78: 수원대학교 | P78: 컴퓨터공학 | R78: 학사 | S78: 39491 | T78: 정보처리기사 | U78: 39433 | Z78: 고급 | AA78: 유 | AB78: 40098 | AC78: 중급 | AD78: 25 | AE78: =(TRUNC(AD78/12))&"년 "&(ROUNDDOWN(MOD(AD78,12),0))&"개월" -> 2년 1개월 | AF78: =($AL$1-K78)/30 -> 186.7 | AG78: =(TRUNC(AF78/12))&"년 "&(ROUNDDOWN(MOD(AF78,12),0))&"개월" -> 15년 6개월 | AH78: =+AD78+AF78 -> 211.7 | AI78: =(TRUNC(AH78/12))&"년 "&(ROUNDDOWN(MOD(AH78,12),0))&"개월" -> 17년 7개월 | AJ78: 경기도 시흥시 대야동 460-22 봉봉빌라 1-301 | AK78: 010-2709-2543 | AL78: dmkim@in-soft.co.kr | AM78: 2614 | AN78: (양)83.02.28 | AO78: 2.28
A79: 9 | B79: 110101 | C79: PM | D79: 김정환 | E79: 1 | F79: 부장 | G79: 1147 2065 | H79: 솔루션사업본부 | J79: 770404-1047711 | K79: 40544 | L79: 44228 | N79: 고졸 | R79: 고졸 | V79: SCJP | W79: 37708 | Z79: 초급 | AA79: 유 | AD79: 64 | AE79: =(TRUNC(AD79/12))&"년 "&(ROUNDDOWN(MOD(AD79,12),0))&"개월" -> 5년 4개월 | AF79: =($AL$1-K79)/30 -> 185.66667 | AG79: =(TRUNC(AF79/12))&"년 "&(ROUNDDOWN(MOD(AF79,12),0))&"개월" -> 15년 5개월 | AH79: =+AD79+AF79 -> 249.66667 | AI79: =(TRUNC(AH79/12))&"년 "&(ROUNDDOWN(MOD(AH79,12),0))&"개월" -> 20년 9개월 | AJ79: 서울시 마포구 합정동 387-8 | AK79: 010-9105-7676 | AL79: jehkim@in-soft.co.kr | AN79: (양)77.04.04 | AO79: 4.04
A80: 13 | B80: 120105 | C80: SE | D80: 박원찬 | E80: 1 | F80: 과장 | G80: 1135 7849 | H80: 솔루션사업본부 | I80: AI Lab팀 | J80: 860102-1071021 | K80: 40917 | L80: 43313 | N80: 일반대 | O80: 남서울대학교 | P80: 컴퓨터학과 | R80: 학사 | T80: 정보처리기사 | U80: 2012 | V80: OCJP | W80: 2011 | X80: Naver Cloud Platform Certified Associate | Y80: 44602 | Z80: 중급 | AA80: 유 | AC80: 초급 | AD80: 0 | AE80: =(TRUNC(AD80/12))&"년 "&(ROUNDDOWN(MOD(AD80,12),0))&"개월" -> 0년 0개월 | AF80: =($AL$1-K80)/30 -> 173.23333 | AG80: =(TRUNC(AF80/12))&"년 "&(ROUNDDOWN(MOD(AF80,12),0))&"개월" -> 14년 5개월 | AH80: =+AD80+AF80 -> 173.23333 | AI80: =(TRUNC(AH80/12))&"년 "&(ROUNDDOWN(MOD(AH80,12),0))&"개월" -> 14년 5개월 | AJ80: 서울시 동작구 신대방2동 신대방 A.P.T 302호 | AK80: 010-4533-6628 | AL80: wcpark@in-soft.co.kr | AM80: 2628 | AN80: (양)86.01.02 | AO80: 1.02
A81: 24 | B81: 170206 | C81: 개발 | D81: 신새미 | E81: 1 | F81: 대리 | G81: 1178 8906 | H81: 솔루션사업본부 | I81: AI Lab팀 | J81: 920601-2018423 | K81: 42786 | L81: 44228 | N81: 일반대 | O81: 한양여자대학교 | P81: 컴퓨터정보과 | Q81: 서울 | R81: 학사 | S81: 42772 | V81: 정보처리산업기사 | AE81: =(TRUNC(AD81/12))&"년 "&(ROUNDDOWN(MOD(AD81,12),0))&"개월" -> 0년 0개월 | AF81: =(재직자!$AL$1-K81)/30 -> 110.93333 | AG81: =(TRUNC(AF81/12))&"년 "&(ROUNDDOWN(MOD(AF81,12),0))&"개월" -> 9년 2개월 | AH81: =+AD81+AF81 -> 110.93333 | AI81: =(TRUNC(AH81/12))&"년 "&(ROUNDDOWN(MOD(AH81,12),0))&"개월" -> 9년 2개월 | AJ81: 서울시 성동구 금호로3길 10, 마동 410호 | AK81: 010-9028-5879 | AL81: smshin@in-soft.co.kr | AN81: (양)92.06.01 | AO81: 06.01
A82: 28 | B82: 180703 | C82: 개발 | D82: 홍순길 | E82: 1 | F82: 차장 | G82: 1109 6637 | H82: 솔루션사업본부 | J82: 860215-1224213 | K82: 43304 | L82: 44228 | N82: 일반대 | O82: 충주대학교 | P82: 컴퓨터공학 | Q82: 충북 | R82: 학사 | S82: 40223 | T82: 정보처리기사 | U82: 40643 | V82: CCNA | AD82: 99 | AE82: =(TRUNC(AD82/12))&"년 "&(ROUNDDOWN(MOD(AD82,12),0))&"개월" -> 8년 3개월 | AF82: =($AL$1-K82)/30 -> 93.666667 | AG82: =(TRUNC(AF82/12))&"년 "&(ROUNDDOWN(MOD(AF82,12),0))&"개월" -> 7년 9개월 | AH82: =+AD82+AF82 -> 192.66667 | AI82: =(TRUNC(AH82/12))&"년 "&(ROUNDDOWN(MOD(AH82,12),0))&"개월" -> 16년 0개월 | AJ82: 서울시 강북구 월계로21가길 41, 101동 101호 (미아동, 미아한일유앤아이) | AK82: 010-5363-6269 | AL82: sghong@in-soft.co.kr | AN82: (양)86.02.15 | AO82: 2.15
A83: 30 | B83: 181003 | C83: 개발 | D83: 한정훈 | E83: 1 | F83: 대리 | G83: 1150 1334 | H83: 솔루션사업본부 | J83: 920811-1031918 | K83: 43377 | L83: 43891 | N83: 일반대 | O83: 학점은행제 | P83: 컴퓨터정보 | Q83: 서울 | R83: 학사 | S83: 36582 | V83: 정보처리산업기사 | W83: 41425 | AD83: 36 | AE83: =(TRUNC(AD83/12))&"년 "&(ROUNDDOWN(MOD(AD83,12),0))&"개월" -> 3년 0개월 | AF83: =(재직자!$AL$1-K83)/30 -> 91.233333 | AG83: =(TRUNC(AF83/12))&"년 "&(ROUNDDOWN(MOD(AF83,12),0))&"개월" -> 7년 7개월 | AH83: =+AD83+AF83 -> 127.23333 | AI83: =(TRUNC(AH83/12))&"년 "&(ROUNDDOWN(MOD(AH83,12),0))&"개월" -> 10년 7개월 | AJ83: 서울시 강북구 수유동 718-9호 | AK83: 010-4199-5311 | AL83: jhhan@in-soft.co.kr
A84: 47 | B84: 201101 | C84: 개발 | D84: 백석곤 | E84: 1 | F84: 차장 | G84: 1281 3412 | H84: 솔루션사업본부 | J84: 791116-1899515 | K84: 44137 | N84: 일반대 | O84: 안양대학교 | P84: 컴퓨터공학 | Q84: 경기 | R84: 학사 | S84: 38401 | AD84: 173 | AE84: =(TRUNC(AD84/12))&"년 "&(ROUNDDOWN(MOD(AD84,12),0))&"개월" -> 14년 5개월 | AF84: =($AL$1-K84)/30 -> 65.9 | AG84: =(TRUNC(AF84/12))&"년 "&(ROUNDDOWN(MOD(AF84,12),0))&"개월" -> 5년 5개월 | AH84: =+AD84+AF84 -> 238.9 | AI84: =(TRUNC(AH84/12))&"년 "&(ROUNDDOWN(MOD(AH84,12),0))&"개월" -> 19년 10개월 | AJ84: 경기도 광명시 양지로 16, 103동 2304호 | AK84: 010-8963-4667 | AL84: sgbaek@in-soft.co.kr | AN84: (양)79.11.16 | AO84: 11.16
A85: 69 | B85: 211205 | C85: 개발 | D85: 김경식 | E85: 1 | F85: 부장 | H85: 솔루션사업본부 | J85: 761023-1030619 | K85: 44544 | N85: 전문대 | O85: 안산대학교 | P85: 전자계산학 | Q85: 경기 | R85: 전문 | S85: 36584 | AD85: 176 | AE85: =(TRUNC(AD85/12))&"년 "&(ROUNDDOWN(MOD(AD85,12),0))&"개월" -> 14년 8개월 | AF85: =($AL$1-K85)/30 -> 52.333333 | AG85: =(TRUNC(AF85/12))&"년 "&(ROUNDDOWN(MOD(AF85,12),0))&"개월" -> 4년 4개월 | AH85: =+AD85+AF85 -> 228.33333 | AI85: =(TRUNC(AH85/12))&"년 "&(ROUNDDOWN(MOD(AH85,12),0))&"개월" -> 19년 0개월 | AJ85: 경기도 고양시 일산서구 덕이로 238, 101동 703호 | AK85: 010-5278-7656 | AL85: kskim@in-soft.co.kr | AN85: (음)76.10.23 | AO85: 10.23
A86: 79 | B86: 220501 | C86: SE | D86: 황익환 | E86: 1 | F86: 대리 | H86: 솔루션사업본부 | J86: 860329-1085211 | K86: 44683 | N86: 일반대 | O86: 한국공학대학교 | P86: 신소재공학 | Q86: 경기 | R86: 학사 | S86: 42419 | AD86: 56 | AE86: =(TRUNC(AD86/12))&"년 "&(ROUNDDOWN(MOD(AD86,12),0))&"개월" -> 4년 8개월 | AF86: =($AL$1-K86)/30 -> 47.7 | AG86: =(TRUNC(AF86/12))&"년 "&(ROUNDDOWN(MOD(AF86,12),0))&"개월" -> 3년 11개월 | AH86: =+AD86+AF86 -> 103.7 | AI86: =(TRUNC(AH86/12))&"년 "&(ROUNDDOWN(MOD(AH86,12),0))&"개월" -> 8년 7개월 | AJ86: 서울시 양천구 신정로 170, 104동 1601호 | AK86: 010-4628-3941 | AL86: ihhwang@in-soft.co.kr | AN86: (양)86.03.29 | AO86: 03.29
A87: 100 | B87: 230206 | C87: 개발 | D87: 이희천 | E87: 1 | F87: 차장 | H87: 솔루션사업본부 | J87: 740325-1522211 | K87: 44977 | N87: 일반대 | O87: 전북대학교 | P87: 컴퓨터공학과 | Q87: 전북 | R87: 학사 | S87: 37309 | T87: 정보처리기사 | U87: 37242 | AD87: 219 | AE87: =(TRUNC(AD87/12))&"년 "&(ROUNDDOWN(MOD(AD87,12),0))&"개월" -> 18년 3개월 | AF87: =($AL$1-K87)/30 -> 37.9 | AG87: =(TRUNC(AF87/12))&"년 "&(ROUNDDOWN(MOD(AF87,12),0))&"개월" -> 3년 1개월 | AH87: =+AD87+AF87 -> 256.9 | AI87: =(TRUNC(AH87/12))&"년 "&(ROUNDDOWN(MOD(AH87,12),0))&"개월" -> 21년 4개월 | AJ87: 대전시 유성구 지족로148번길 22 LH네이처뷰 308동 1801호 | AK87: 010-7238-4686 | AL87: hclee@in-soft.co.kr | AN87: (음)75.03.25
A88: 110 | B88: 230901 | C88: 개발 | D88: 김인수 | E88: 1 | F88: 사원 | H88: 솔루션사업본부 | I88: 오픈매니저팀 | J88: 980119-1096011 | K88: 45176 | N88: 일반대 | O88: 인제대학교 | P88: 컴퓨터시뮬레이션과 | Q88: 부산 | R88: 학사 | S88: 44958 | AD88: 0 | AE88: =(TRUNC(AD88/12))&"년 "&(ROUNDDOWN(MOD(AD88,12),0))&"개월" -> 0년 0개월 | AF88: =($AL$1-K88)/30 -> 31.266667 | AG88: =(TRUNC(AF88/12))&"년 "&(ROUNDDOWN(MOD(AF88,12),0))&"개월" -> 2년 7개월 | AH88: =+AD88+AF88 -> 31.266667 | AI88: =(TRUNC(AH88/12))&"년 "&(ROUNDDOWN(MOD(AH88,12),0))&"개월" -> 2년 7개월 | AJ88: 서울특별시 동작구 국사봉2길50, 303호 | AK88: 010-7143-0547 | AL88: iskim@in-soft.co.kr | AN88: (양)98.01.19
A89: 111 | B89: 230902 | C89: 개발 | D89: 이나라 | E89: 1 | F89: 사원 | H89: 솔루션사업본부 | I89: 오픈매니저팀 | J89: 9507282-164616 | K89: 45176 | N89: 대학원 | O89: 명지대학교 | P89: 청년복지 | Q89: 서울 | R89: 석사 | S89: 44607 | AD89: 0 | AE89: =(TRUNC(AD89/12))&"년 "&(ROUNDDOWN(MOD(AD89,12),0))&"개월" -> 0년 0개월 | AF89: =($AL$1-K89)/30 -> 31.266667 | AG89: =(TRUNC(AF89/12))&"년 "&(ROUNDDOWN(MOD(AF89,12),0))&"개월" -> 2년 7개월 | AH89: =+AD89+AF89 -> 31.266667 | AI89: =(TRUNC(AH89/12))&"년 "&(ROUNDDOWN(MOD(AH89,12),0))&"개월" -> 2년 7개월 | AJ89: 경기도 안산시 상록구 성호로 6 402호 | AK89: 010-7705-1926 | AL89: nrlee@in-soft.co.kr | AN89: (양)95.07.28
A90: 23 | B90: 160803 | C90: 개발 | D90: 이정우 | E90: 2 | F90: 차장 | G90: 1143 6562 | H90: 솔루션사업본부 | J90: 830130-1156417 | K90: 42604 | L90: 44228 | N90: 일반대 | O90: 목원대학교 | P90: 컴퓨터공학 | Q90: 대전 | R90: 학사 | Z90: 중급 | AD90: 71 | AE90: =(TRUNC(AD90/12))&"년 "&(ROUNDDOWN(MOD(AD90,12),0))&"개월" -> 5년 11개월 | AF90: =(재직자!$AL$1-K90)/30 -> 117 | AG90: =(TRUNC(AF90/12))&"년 "&(ROUNDDOWN(MOD(AF90,12),0))&"개월" -> 9년 9개월 | AH90: =+AD90+AF90 -> 188 | AI90: =(TRUNC(AH90/12))&"년 "&(ROUNDDOWN(MOD(AH90,12),0))&"개월" -> 15년 8개월 | AJ90: 경기도 광명시 하안동 하안로320 1016-403 | AK90: 010-4382-6601 | AL90: jwlee@in-soft.co.kr | AN90: (양)83.01.30 | AO90: 01.30
A91: 89 | B91: 221101 | C91: EN | D91: 김민정 | E91: 2 | F91: 과장 | H91: 솔루션사업본부 | I91: TSO팀 | J91: 801111-2671626 | K91: 44866 | N91: 일반대 | O91: 영남대학교 | P91: 정보통신공학 | Q91: 경북 | R91: 학사 | S91: 38038 | T91: 정보처리기사 | U91: 37781 | AD91: 108 | AE91: =(TRUNC(AD91/12))&"년 "&(ROUNDDOWN(MOD(AD91,12),0))&"개월" -> 9년 0개월 | AF91: =($AL$1-K91)/30 -> 41.6 | AG91: =(TRUNC(AF91/12))&"년 "&(ROUNDDOWN(MOD(AF91,12),0))&"개월" -> 3년 5개월 | AH91: =+AD91+AF91 -> 149.6 | AI91: =(TRUNC(AH91/12))&"년 "&(ROUNDDOWN(MOD(AH91,12),0))&"개월" -> 12년 5개월 | AJ91: 서울시 강남구 자곡로 202, 323호 | AK91: 010-9360-1160 | AL91: mjkim@in-soft.co.kr | AN91: (양)80.11.11
A92: 5 | B92: 100803 | C92: SE | D92: 김태영 | F92: 부장 | G92: 1135 7888 | H92: 솔루션사업본부 | I92: AI Lab팀 | J92: 771106-1830415 | K92: 40413 | L92: 44228 | N92: 일반대 | O92: 영동대학교 | P92: 컴퓨터공학 | R92: 학사 | S92: 38400 | Z92: 고급 | AA92: 유 | AC92: 중급 | AD92: 50 | AE92: =(TRUNC(AD92/12))&"년 "&(ROUNDDOWN(MOD(AD92,12),0))&"개월" -> 4년 2개월 | AF92: =($AL$1-K92)/30 -> 190.03333 | AG92: =(TRUNC(AF92/12))&"년 "&(ROUNDDOWN(MOD(AF92,12),0))&"개월" -> 15년 10개월 | AH92: =+AD92+AF92 -> 240.03333 | AI92: =(TRUNC(AH92/12))&"년 "&(ROUNDDOWN(MOD(AH92,12),0))&"개월" -> 20년 0개월 | AJ92: 경기도 김포시 장기동 수정마을쌍용예가아파트 117동 901호 | AK92: 010-6405-8553 | AL92: tykim@in-soft.co.kr | AM92: 2623 | AN92: (양)77.11.06 | AO92: 11.06
A93: 7 | B93: 100902 | C93: SE | D93: 유영서 | F93: 차장 | G93: 1135 7866 | H93: 솔루션사업본부 | I93: AI Lab팀 | J93: 790929-1168352 | K93: 40441 | L93: 42005 | N93: 전문대 | O93: 동서울대학 | P93: 디지털전자 | R93: 전문 | S93: 37666 | T93: 정보처리기사 | U93: 38334 | V93: CCNA | W93: 38992 | Z93: 특급 | AA93: 유 | AB93: 40848 | AC93: 고급 | AD93: 77 | AE93: =(TRUNC(AD93/12))&"년 "&(ROUNDDOWN(MOD(AD93,12),0))&"개월" -> 6년 5개월 | AF93: =($AL$1-K93)/30 -> 189.1 | AG93: =(TRUNC(AF93/12))&"년 "&(ROUNDDOWN(MOD(AF93,12),0))&"개월" -> 15년 9개월 | AH93: =+AD93+AF93 -> 266.1 | AI93: =(TRUNC(AH93/12))&"년 "&(ROUNDDOWN(MOD(AH93,12),0))&"개월" -> 22년 2개월 | AJ93: 서울시 영등포구 영등포동 620-10 미림빌라 301호 | AK93: 010-2730-3022 | AL93: ysyoo@in-soft.co.kr | AN93: (음)79.09.29 | AO93: 10.29
A94: 17 | B94: 230101 | C94: SE | D94: 김영태 | F94: 과장 | G94: 1135 7847 | H94: 솔루션사업본부 | I94: AI Lab팀 | J94: 810620-1233216 | K94: 41589 | L94: 42826 | N94: 전문대 | O94: 인덕전문대학 | P94: 컴퓨터응용설계 | R94: 전문 | S94: 38401 | Z94: 초급 | AC94: 초급 | AD94: 18 | AE94: =(TRUNC(AD94/12))&"년 "&(ROUNDDOWN(MOD(AD94,12),0))&"개월" -> 1년 6개월 | AF94: =($AL$1-K94)/30 -> 150.83333 | AG94: =(TRUNC(AF94/12))&"년 "&(ROUNDDOWN(MOD(AF94,12),0))&"개월" -> 12년 6개월 | AH94: =+AD94+AF94 -> 168.83333 | AI94: =(TRUNC(AH94/12))&"년 "&(ROUNDDOWN(MOD(AH94,12),0))&"개월" -> 14년 0개월 | AJ94: 서울시 중랑구 용마공원로10가길 31번지 | AK94: 010-6391-5393 | AL94: ytkim@in-soft.co.kr | AM94: 2637 | AN94: (양)81.06.06 | AO94: 6.06
A95: 18 | B95: 140603 | C95: SE | D95: 김병기 | F95: 과장 | G95: 1147 1567 | H95: 솔루션사업본부 | I95: AI Lab팀 | J95: 850425-1400412 | K95: 41799 | L95: 43891 | N95: 고졸 | O95: 광성고등학교 | R95: 고졸 | S95: 41686 | Z95: 초급 | AD95: 41 | AE95: =(TRUNC(AD95/12))&"년 "&(ROUNDDOWN(MOD(AD95,12),0))&"개월" -> 3년 5개월 | AF95: =($AL$1-K95)/30 -> 143.83333 | AG95: =(TRUNC(AF95/12))&"년 "&(ROUNDDOWN(MOD(AF95,12),0))&"개월" -> 11년 11개월 | AH95: =+AD95+AF95 -> 184.83333 | AI95: =(TRUNC(AH95/12))&"년 "&(ROUNDDOWN(MOD(AH95,12),0))&"개월" -> 15년 4개월 | AJ95: 서울시 서대문구 연희로10가길 50 드림빌303호 | AK95: 010-9969-9299 | AL95: bkkim@in-soft.co.kr | AN95: (양)85.04.25 | AO95: 4.25
A96: 20 | B96: 141001 | C96: 본부장 | D96: 고승규 | F96: 이사 | G96: 1141 0300 | H96: 솔루션사업본부 | I96: AI Lab팀 2 | J96: 720818-1023726 | K96: 41918 | L96: 43466 | N96: 대학원 | O96: 단국대학교 | P96: 전자계산학 | Q96: 충남 | R96: 석사 | S96: 36584 | T96: 정보처리기사 | U96: 35702 | Z96: 특급 | AD96: 176 | AE96: =(TRUNC(AD96/12))&"년 "&(ROUNDDOWN(MOD(AD96,12),0))&"개월" -> 14년 8개월 | AF96: =($AL$1-K96)/30 -> 139.86667 | AG96: =(TRUNC(AF96/12))&"년 "&(ROUNDDOWN(MOD(AF96,12),0))&"개월" -> 11년 7개월 | AH96: =+AD96+AF96 -> 315.86667 | AI96: =(TRUNC(AH96/12))&"년 "&(ROUNDDOWN(MOD(AH96,12),0))&"개월" -> 26년 3개월 | AJ96: 서울시 동대문구 회기로2길 20, 502호 | AK96: 010-3428-1714 | AL96: skgo@in-soft.co.kr | AN96: (양)72.08.18 | AO96: 8.18
A97: 38 | B97: 200104 | C97: SE | D97: 배윤식 | F97: 대리 | H97: 솔루션사업본부 | J97: 891219-1157728 | K97: 43850 | N97: 고졸 | O97: 한성고등학교 | Q97: 서울 | R97: 고졸 | S97: 39498 | AD97: 48 | AE97: =(TRUNC(AD97/12))&"년 "&(ROUNDDOWN(MOD(AD97,12),0))&"개월" -> 4년 0개월 | AF97: =(재직자!$AL$1-K97)/30 -> 75.466667 | AG97: =(TRUNC(AF97/12))&"년 "&(ROUNDDOWN(MOD(AF97,12),0))&"개월" -> 6년 3개월 | AH97: =+AD97+AF97 -> 123.46667 | AI97: =(TRUNC(AH97/12))&"년 "&(ROUNDDOWN(MOD(AH97,12),0))&"개월" -> 10년 3개월 | AJ97: 서울시 종로구 신영동 103-1번지 202호 | AK97: 010-4186-8157 | AL97: ysbae@in-soft.co.kr | AN97: (양)89.12.19 | AO97: 12.19
A98: 39 | B98: 200201 | C98: SE | D98: 신재완 | F98: 과장 | H98: 솔루션사업본부 | J98: 830415-1047815 | K98: 43862 | L98: 42826 | N98: 일반대 | O98: 서원대학교 | P98: 컴퓨터공학과 | Q98: 충북 | R98: 학사 | S98: 39862 | T98: 정보처리기사 | U98: 39600 | AD98: 126 | AE98: =(TRUNC(AD98/12))&"년 "&(ROUNDDOWN(MOD(AD98,12),0))&"개월" -> 10년 6개월 | AF98: =($AL$1-K98)/30 -> 75.066667 | AG98: =(TRUNC(AF98/12))&"년 "&(ROUNDDOWN(MOD(AF98,12),0))&"개월" -> 6년 3개월 | AH98: =+AD98+AF98 -> 201.06667 | AI98: =(TRUNC(AH98/12))&"년 "&(ROUNDDOWN(MOD(AH98,12),0))&"개월" -> 16년 9개월 | AJ98: 서울시 도봉구 방학2동 642-33 | AK98: 010-7777-7230 | AL98: jwshin@in-soft.co.kr | AN98: (양)83.04.15 | AO98: 04.15
A99: 50 | B99: 210104 | C99: 개발 | D99: 안정열 | F99: 차장 | G99: 1147 3672 | H99: 솔루션사업본부 | J99: 811201-1247010 | K99: 44221 | N99: 일반대 | O99: 서울사이버대학교 | P99: 컴퓨터공학 | Q99: 서울 | R99: 학사 | S99: 42602 | T99: 정보처리기능사 | U99: 36367 | V99: SCJP | W99: 39428 | AD99: 163 | AE99: =(TRUNC(AD99/12))&"년 "&(ROUNDDOWN(MOD(AD99,12),0))&"개월" -> 13년 7개월 | AF99: =($AL$1-K99)/30 -> 63.1 | AG99: =(TRUNC(AF99/12))&"년 "&(ROUNDDOWN(MOD(AF99,12),0))&"개월" -> 5년 3개월 | AH99: =+AD99+AF99 -> 226.1 | AI99: =(TRUNC(AH99/12))&"년 "&(ROUNDDOWN(MOD(AH99,12),0))&"개월" -> 18년 10개월 | AJ99: 경기도 부천시 계남로 334번길 33-12 2층 | AK99: 010-8639-8601 | AL99: jyahn@in-soft.co.kr | AN99: (양)81.12.01 | AO99: 12.01
A100: 55 | B100: 210502 | C100: SE | D100: 김도연 | F100: 사원 | H100: 솔루션사업본부 | J100: 950906-1079311 | K100: 44319 | N100: 고졸 | O100: 동북고등학교 | P100: 생물학 | Q100: 서울 | R100: 고졸 | S100: 41698 | V100: 네트워크관리사2급 | W100: 41996 | AE100: =(TRUNC(AD100/12))&"년 "&(ROUNDDOWN(MOD(AD100,12),0))&"개월" -> 0년 0개월 | AF100: =($AL$1-K100)/30 -> 59.833333 | AG100: =(TRUNC(AF100/12))&"년 "&(ROUNDDOWN(MOD(AF100,12),0))&"개월" -> 4년 11개월 | AH100: =+AD100+AF100 -> 59.833333 | AI100: =(TRUNC(AH100/12))&"년 "&(ROUNDDOWN(MOD(AH100,12),0))&"개월" -> 4년 11개월 | AJ100: 서울시 강동구 천중로52길 9-10, 603호 | AK100: 010-2803-3266 | AL100: dykim@in-soft.co.kr | AN100: (양)95.09.06 | AO100: 09.06
...

Sheet Sheet1
C3: 천승무 | D3: (기타의견 : 프로젝트에서도 내부 인력끼리만 일하는 규모가 큰 프로젝트 보다 5명 전후의 프로젝트나 파견시 외부 고객과의 회의나 소통이 잦다고 판단되는데 주로 갑이 을을 바라볼 때 호칭이 명확한 것이 소통이 원할하다고 판단됩니다. 반면 갑의 입장에선 반대로 직무나 역할 분담의 호칭이 유리하다는 생각입니다.)
D5: 직급 체계와 관련하여 아래와 같은 직급 체계는 어떨까요?
D6: 일단 NIA 및 공공연기관 등과 같은 곳은 아래와 같은 직급 체계를 이용하더군요
D8: 그래서 먼저 말씀하신 제안 2가지 중에는 2안을 선택합니다.
C9: 최성현 | D9: 다만 추가로 제안을 한다면 아래와 같이 책임 직급을 책임 연구원과 선임 연구원으로 분류 하는 것이 어떨지요.
D10: ※ 참고로 NIA의 직급체계가 아래와 같습니다.
D12: 직금 계정(제안)
D13: 본부장
D14: 팀장
D15: 수석 연구원 | E15: 부장
D16: 책임 연구원 | E16: 차장
D17: 선임 연구원 | E17: 과장
D18: 주임 연구원 | E18: 대리
D19: 연구원 | E19: 사원
